,Year,Player,Tm,Share,G,MP,PTS,TRB,AST,STL,BLK,FG%,3P%,FT%,WS,WS/48,MVP,player_efficiency_rating,true_shooting_percentage,three_point_attempt_rate,free_throw_attempt_rate,offensive_rebound_percentage,defensive_rebound_percentage,total_rebound_percentage,assist_percentage,steal_percentage,block_percentage,turnover_percentage,usage_percentage,offensive_win_shares,defensive_win_shares,offensive_box_plus_minus,defensive_box_plus_minus,box_plus_minus,value_over_replacement_player,wl_pct,seed,highest_teammate_vorp,highest_teammate_ws
0,1980,Kareem Abdul-Jabbar,LAL,0.665,82,38.3,24.8,10.8,4.5,1.0,3.4,0.604,0.0,0.765,14.8,0.227,Y,25.3,0.639,0.001,0.344,7.2,22.2,15.4,16.5,1.2,4.6,15.7,24.1,9.5,5.3,4.8,2.4,7.2,7.3,0.7317073170731707,1,4.8,10.5
1,1980,Julius Erving,PHI,0.143,78,36.1,26.9,7.4,4.6,2.2,1.8,0.519,0.2,0.787,12.5,0.213,N,25.4,0.568,0.012,0.331,8.6,12.9,10.9,21.4,2.8,2.7,13.3,30.3,7.3,5.2,5.7,1.9,7.6,6.8,0.7195121951219512,2,2.9,8.1
2,1980,George Gervin,SAS,0.086,78,37.6,33.1,5.2,2.6,1.4,1.0,0.528,0.314,0.852,10.6,0.173,N,24.0,0.587,0.053,0.306,5.7,8.9,7.3,11.0,1.6,1.4,10.3,31.7,9.3,1.3,5.5,-1.6,3.9,4.4,0.5,4,1.5,5.5
3,1980,Larry Bird,BOS,0.068,82,36.0,21.3,10.4,4.5,1.7,0.6,0.474,0.406,0.836,11.2,0.182,N,20.5,0.538,0.098,0.246,8.3,23.6,16.0,18.5,2.3,1.0,14.0,25.3,5.6,5.6,3.0,1.5,4.5,4.8,0.7439024390243902,1,3.8,12.2
4,1980,Tiny Archibald,BOS,0.009,80,35.8,14.1,2.5,8.4,1.3,0.1,0.482,0.222,0.83,8.9,0.148,N,15.3,0.574,0.023,0.548,2.3,5.3,3.8,30.2,1.7,0.2,19.7,17.0,5.9,2.9,1.4,-0.3,1.1,2.3,0.7439024390243902,1,4.8,12.2
5,1980,Dennis Johnson,SEA,0.009,81,36.3,19.0,5.1,4.1,1.8,1.0,0.422,0.207,0.78,7.4,0.12,N,15.9,0.489,0.043,0.358,6.2,8.7,7.4,16.1,2.3,1.5,12.6,24.2,3.0,4.4,0.5,0.8,1.3,2.5,0.6829268292682927,2,5.0,
6,1980,Dan Roundfield,ATL,0.009,81,32.0,16.5,10.3,2.3,1.2,1.7,0.499,0.0,0.71,9.1,0.169,N,19.7,0.551,0.004,0.462,12.1,22.7,17.3,11.3,1.9,3.2,16.1,22.8,4.0,5.1,1.6,1.4,2.9,3.2,0.6097560975609756,3,3.2,9.2
7,1980,Gus Williams,SEA,0.007,82,36.2,22.1,3.4,4.8,2.4,0.5,0.482,0.194,0.788,11.6,0.187,N,20.6,0.529,0.023,0.274,4.5,5.3,4.9,20.7,3.2,0.7,9.5,25.2,7.2,4.4,3.1,1.6,4.7,5.0,0.6829268292682927,2,2.7,8.6
8,1980,Moses Malone,HOU,0.005,82,38.3,25.8,14.5,1.8,1.0,1.3,0.502,0.0,0.719,11.9,0.183,N,24.1,0.56,0.004,0.505,19.6,22.3,20.9,7.1,1.2,1.9,13.7,27.6,8.9,3.0,4.5,-2.4,2.1,3.2,0.5,4,2.0,7.2
9,1981,Julius Erving,PHI,0.658,82,35.0,24.6,8.0,4.4,2.1,1.8,0.521,0.222,0.787,13.8,0.231,Y,25.1,0.572,0.012,0.352,10.0,14.6,12.5,19.8,2.8,2.8,13.1,28.4,7.8,6.1,5.2,2.3,7.5,6.9,0.7560975609756098,1,3.7,9.2
10,1981,Larry Bird,BOS,0.613,82,39.5,21.2,10.9,5.5,2.0,0.8,0.478,0.27,0.863,10.8,0.16,N,19.9,0.528,0.049,0.218,7.0,23.8,15.7,20.4,2.4,1.1,14.9,24.3,4.7,6.1,2.5,1.8,4.3,5.2,0.7560975609756098,1,4.3,11.0
11,1981,Kareem Abdul-Jabbar,LAL,0.414,80,37.2,26.2,10.3,3.4,0.7,2.9,0.574,0.0,0.766,14.3,0.23,N,25.5,0.616,0.001,0.379,7.6,21.5,15.0,13.6,0.9,4.0,12.8,26.3,9.6,4.6,4.7,1.4,6.1,6.1,0.6585365853658537,2,3.8,8.5
12,1981,Moses Malone,HOU,0.261,80,40.6,27.8,14.8,1.8,1.0,1.9,0.522,0.333,0.757,13.7,0.202,N,25.1,0.585,0.002,0.52,16.1,24.5,20.3,6.6,1.2,2.6,14.0,27.6,9.5,4.2,4.5,-1.2,3.3,4.3,0.4878048780487805,5,3.0,7.2
13,1981,George Gervin,SAS,0.12,82,33.7,27.1,5.1,3.2,1.1,0.7,0.492,0.257,0.826,10.5,0.182,N,22.9,0.555,0.02,0.359,5.2,11.1,8.2,15.8,1.6,1.1,11.1,32.3,8.1,2.4,4.2,-1.2,2.9,3.5,0.6341463414634146,3,1.8,7.0
14,1981,Marques Johnson,MIL,0.106,76,33.4,20.3,6.8,4.6,1.5,0.5,0.552,0.0,0.706,11.2,0.211,N,22.0,0.583,0.008,0.33,10.1,12.4,11.3,19.7,2.1,0.9,12.6,23.3,7.6,3.6,5.1,0.5,5.6,4.9,0.7317073170731707,3,3.5,9.9
15,1981,Robert Parish,BOS,0.077,82,28.0,18.9,9.5,1.8,1.0,2.6,0.545,0.0,0.71,10.9,0.228,N,25.2,0.579,0.001,0.34,12.7,25.3,19.3,10.0,1.7,5.1,12.5,27.1,6.0,4.9,3.3,2.1,5.4,4.3,0.7560975609756098,1,5.2,11.0
16,1981,Dennis Johnson,PHO,0.072,79,33.1,18.8,4.6,3.7,1.7,0.8,0.436,0.216,0.82,8.4,0.154,N,17.0,0.516,0.042,0.411,6.9,8.4,7.7,15.8,2.4,1.3,12.6,24.6,4.0,4.4,1.0,0.8,1.8,2.5,0.6951219512195121,1,3.7,7.7
17,1982,Moses Malone,HOU,0.735,81,42.0,31.1,14.7,1.8,0.9,1.5,0.519,0.0,0.762,15.4,0.218,Y,26.8,0.576,0.003,0.454,17.5,21.2,19.3,6.9,1.1,2.1,11.9,29.9,11.7,3.7,6.2,-1.8,4.5,5.5,0.5609756097560976,4,2.2,5.2
18,1982,Larry Bird,BOS,0.588,77,38.0,22.9,10.9,5.8,1.9,0.9,0.503,0.212,0.863,12.5,0.205,N,22.6,0.557,0.037,0.269,7.7,23.4,15.8,22.5,2.3,1.2,13.8,25.2,6.8,5.7,4.4,2.3,6.6,6.4,0.7682926829268293,1,3.7,10.0
19,1982,Julius Erving,PHI,0.294,81,34.4,24.4,6.9,3.9,2.0,1.7,0.546,0.273,0.763,13.3,0.229,N,25.9,0.593,0.008,0.377,9.3,13.0,11.2,18.1,2.8,2.9,11.4,28.1,8.7,4.6,6.0,1.7,7.7,6.8,0.7073170731707317,2,3.9,8.6
20,1982,Robert Parish,BOS,0.19,80,31.7,19.9,10.8,1.8,0.9,2.4,0.542,,0.71,10.0,0.19,N,22.6,0.571,0.0,0.287,12.8,24.5,18.8,8.4,1.3,4.1,13.7,25.5,5.0,5.1,2.6,1.2,3.8,3.7,0.7682926829268293,1,6.4,12.5
21,1982,Gus Williams,SEA,0.167,80,36.0,23.4,3.1,6.9,2.2,0.5,0.486,0.225,0.734,10.2,0.171,N,21.8,0.526,0.025,0.274,3.6,5.5,4.6,31.0,2.9,0.7,9.9,28.5,5.9,4.3,4.1,1.0,5.1,5.2,0.6341463414634146,2,4.5,12.6
22,1982,George Gervin,SAS,0.159,79,35.7,32.3,5.0,2.4,1.0,0.6,0.5,0.278,0.864,10.7,0.182,N,24.2,0.562,0.018,0.323,5.2,9.7,7.5,11.4,1.3,0.9,8.5,35.0,8.7,2.0,5.4,-1.5,3.9,4.2,0.5853658536585366,3,2.6,5.8
23,1982,Sidney Moncrief,MIL,0.146,80,37.3,19.8,6.7,4.8,1.7,0.3,0.523,0.071,0.817,13.4,0.216,N,20.1,0.601,0.013,0.539,8.8,11.6,10.3,18.1,2.2,0.4,13.7,21.0,8.9,4.5,3.9,0.9,4.8,5.1,0.6707317073170732,3,2.5,6.6
24,1982,Magic Johnson,LAL,0.097,78,38.3,18.6,9.6,9.5,2.7,0.4,0.537,0.207,0.76,12.9,0.207,N,22.9,0.59,0.028,0.418,9.5,17.5,13.7,31.0,3.2,0.6,18.9,20.1,8.1,4.8,4.9,2.3,7.2,7.0,0.6951219512195121,1,4.7,10.7
25,1982,Jack Sikma,SEA,0.048,82,37.2,19.6,12.7,3.4,1.2,1.3,0.479,0.154,0.855,12.6,0.199,N,20.6,0.559,0.011,0.432,8.2,28.0,18.5,13.1,1.6,1.9,12.9,22.5,5.9,6.7,2.2,1.7,3.9,4.5,0.6341463414634146,2,5.2,10.2
26,1982,Kareem Abdul-Jabbar,LAL,0.045,76,35.2,23.9,8.7,3.0,0.8,2.7,0.579,0.0,0.706,10.7,0.192,N,23.4,0.608,0.002,0.34,7.3,19.1,13.4,11.9,1.1,4.1,13.3,25.6,6.9,3.9,3.8,1.2,5.0,4.7,0.6951219512195121,1,7.0,12.9
27,1983,Moses Malone,PHI,0.96,78,37.5,24.5,15.3,1.3,1.1,2.0,0.501,0.0,0.761,15.1,0.248,Y,25.1,0.578,0.001,0.604,16.8,25.9,21.6,5.1,1.4,3.0,13.8,26.0,9.1,6.0,4.0,-0.3,3.7,4.2,0.7926829268292683,1,5.2,10.9
28,1983,Larry Bird,BOS,0.485,79,37.7,23.6,11.0,5.8,1.9,0.9,0.504,0.286,0.84,14.0,0.225,N,24.1,0.561,0.052,0.282,7.0,24.2,15.7,22.4,2.3,1.3,12.6,25.0,8.4,5.6,5.4,2.1,7.5,7.2,0.6829268292682927,2,3.9,10.8
29,1983,Magic Johnson,LAL,0.406,79,36.8,16.8,8.6,10.5,2.2,0.6,0.548,0.0,0.8,12.5,0.207,N,23.0,0.603,0.023,0.407,8.5,17.1,13.0,34.4,2.8,0.9,21.5,19.0,8.8,3.8,5.4,1.8,7.2,6.8,0.7073170731707317,1,4.2,10.9
30,1983,Sidney Moncrief,MIL,0.301,76,35.7,22.5,5.8,3.9,1.5,0.3,0.524,0.1,0.826,13.2,0.233,N,22.6,0.602,0.009,0.522,8.2,9.5,8.9,16.9,2.0,0.5,12.2,24.7,9.7,3.5,5.1,0.4,5.4,5.1,0.6219512195121951,3,4.7,10.7
31,1983,Julius Erving,PHI,0.149,72,33.6,21.4,6.8,3.7,1.6,1.8,0.517,0.286,0.759,10.9,0.217,N,23.1,0.566,0.006,0.372,7.9,13.3,10.7,16.5,2.2,3.0,12.6,25.5,6.8,4.1,4.6,1.9,6.5,5.2,0.7926829268292683,1,4.2,15.1
32,1983,Alex English,DEN,0.056,82,36.4,28.4,7.3,4.8,1.4,1.5,0.516,0.167,0.829,10.3,0.166,N,24.1,0.561,0.006,0.264,8.9,11.5,10.2,19.5,1.7,2.1,11.3,28.9,8.7,1.6,5.4,-0.8,4.6,5.0,0.5487804878048781,6,3.2,11.0
33,1983,Buck Williams,NJN,0.053,82,36.1,17.0,12.5,1.5,1.1,1.3,0.588,0.0,0.62,11.4,0.185,N,18.6,0.611,0.004,0.573,14.1,25.0,19.6,5.9,1.4,2.2,17.7,18.4,5.5,5.9,1.6,0.4,2.0,3.0,0.5975609756097561,4,2.4,6.0
34,1983,Artis Gilmore,SAS,0.044,82,34.1,18.0,12.0,1.5,0.5,2.3,0.626,0.0,0.74,11.0,0.189,N,21.2,0.668,0.007,0.559,12.1,25.8,19.2,6.1,0.7,3.7,18.7,19.4,7.5,3.5,2.7,0.2,2.8,3.4,0.6463414634146342,2,3.2,9.4
35,1983,George Gervin,SAS,0.04,78,36.3,26.2,4.6,3.4,1.1,0.9,0.487,0.364,0.853,9.4,0.159,N,20.5,0.561,0.021,0.39,4.4,9.1,6.9,14.0,1.4,1.3,12.0,29.1,7.6,1.8,2.9,-1.1,1.8,2.7,0.6463414634146342,2,3.4,11.0
36,1983,Kareem Abdul-Jabbar,LAL,0.02,79,32.3,21.8,7.5,2.5,0.8,2.2,0.588,0.0,0.749,10.9,0.205,N,23.6,0.619,0.002,0.302,7.6,17.6,12.8,10.8,1.1,3.5,12.6,24.6,8.0,2.9,4.0,0.5,4.5,4.2,0.7073170731707317,1,6.8,12.5
37,1984,Larry Bird,BOS,0.858,79,38.3,24.2,10.1,6.6,1.8,0.9,0.492,0.247,0.888,13.6,0.215,Y,24.2,0.552,0.047,0.273,7.0,22.3,14.9,26.2,2.3,1.3,12.1,26.7,7.9,5.6,5.6,2.0,7.6,7.3,0.7560975609756098,1,2.8,10.5
38,1984,Bernard King,NYK,0.491,77,34.6,26.3,5.1,2.1,1.0,0.2,0.572,0.0,0.779,12.1,0.218,N,22.7,0.619,0.003,0.403,5.6,12.3,9.0,11.1,1.4,0.4,10.7,28.7,8.6,3.5,4.6,-0.2,4.5,4.3,0.573170731707317,5,2.9,9.8
39,1984,Magic Johnson,LAL,0.401,67,38.3,17.6,7.3,13.1,2.2,0.7,0.565,0.207,0.81,10.2,0.191,N,22.6,0.628,0.037,0.459,4.7,16.1,10.8,42.5,2.7,1.0,24.6,19.5,6.7,3.6,4.8,1.8,6.6,5.6,0.6585365853658537,1,3.3,8.9
40,1984,Kareem Abdul-Jabbar,LAL,0.201,80,32.8,21.5,7.3,2.6,0.7,1.8,0.578,0.0,0.723,8.9,0.163,N,21.3,0.608,0.001,0.318,7.8,16.8,12.7,11.5,1.0,2.9,13.5,25.1,5.9,3.1,2.8,0.2,3.0,3.3,0.6585365853658537,1,5.6,10.2
41,1984,Isiah Thomas,DET,0.151,82,36.7,21.3,4.0,11.1,2.5,0.4,0.462,0.338,0.733,9.1,0.144,N,20.9,0.52,0.045,0.365,3.5,8.2,5.8,41.5,3.1,0.6,15.4,25.4,5.7,3.4,4.0,0.7,4.8,5.1,0.5975609756097561,4,2.7,10.8
42,1984,Julius Erving,PHI,0.129,77,34.8,22.4,6.9,4.0,1.8,1.8,0.512,0.333,0.754,10.1,0.18,N,22.9,0.562,0.016,0.365,8.3,14.1,11.2,19.3,2.5,3.0,13.0,27.2,5.6,4.5,4.3,1.6,5.9,5.3,0.6341463414634146,2,2.9,9.5
43,1984,Adrian Dantley,UTA,0.116,79,37.8,30.6,5.7,3.9,0.8,0.1,0.558,0.25,0.859,14.6,0.235,N,24.6,0.652,0.003,0.658,6.7,9.0,7.9,16.2,0.9,0.1,12.4,28.2,13.0,1.6,5.8,-1.5,4.2,4.7,0.5487804878048781,3,3.5,7.9
44,1984,Sidney Moncrief,MIL,0.092,79,38.9,20.9,6.7,4.5,1.4,0.3,0.498,0.278,0.848,12.7,0.198,N,19.8,0.591,0.016,0.555,8.3,11.1,9.8,17.1,1.7,0.5,13.4,22.2,8.4,4.2,3.7,0.4,4.1,4.7,0.6097560975609756,3,3.8,8.6
45,1985,Larry Bird,BOS,0.978,80,39.5,28.7,10.5,6.6,1.6,1.2,0.522,0.427,0.882,15.7,0.238,Y,26.5,0.585,0.074,0.26,6.0,22.6,14.7,25.7,1.9,1.7,11.2,28.5,10.5,5.2,6.8,2.0,8.8,8.7,0.7682926829268293,1,3.0,11.0
46,1985,Magic Johnson,LAL,0.338,77,36.1,18.3,6.2,12.6,1.5,0.3,0.561,0.189,0.843,12.7,0.22,N,23.2,0.637,0.041,0.516,4.1,14.4,9.7,42.5,1.9,0.5,21.7,20.5,9.5,3.2,5.8,0.8,6.7,6.1,0.7560975609756098,1,4.8,11.2
47,1985,Moses Malone,PHI,0.279,79,37.4,24.6,13.1,1.6,0.8,1.6,0.469,0.0,0.815,11.9,0.193,N,22.5,0.577,0.002,0.704,14.8,24.4,19.7,6.6,1.1,2.4,14.5,26.8,7.9,4.0,3.0,-1.4,1.6,2.7,0.7073170731707317,3,3.8,9.0
48,1985,Kareem Abdul-Jabbar,LAL,0.264,79,33.3,22.0,7.9,3.2,0.8,2.1,0.599,0.0,0.732,11.2,0.204,N,22.9,0.628,0.001,0.327,7.7,18.2,13.5,13.1,1.1,3.3,12.5,24.3,7.6,3.6,3.9,1.2,5.1,4.8,0.7560975609756098,1,6.1,12.7
49,1985,Terry Cummings,MIL,0.177,79,34.5,23.6,9.1,2.9,1.5,0.8,0.495,0.0,0.741,10.7,0.189,N,22.1,0.536,0.001,0.302,10.0,19.1,14.6,13.5,2.1,1.5,9.9,28.8,5.6,5.1,3.6,0.7,4.3,4.3,0.7195121951219512,2,4.7,11.2
50,1985,Michael Jordan,CHI,0.172,82,38.3,28.2,6.5,5.9,2.4,0.8,0.515,0.173,0.845,14.0,0.213,N,25.8,0.592,0.032,0.459,6.3,13.2,9.8,25.3,3.0,1.3,13.0,29.8,10.3,3.7,5.8,1.5,7.3,7.4,0.4634146341463415,7,2.5,9.0
51,1985,Bernard King,NYK,0.09,55,37.5,32.9,5.8,3.7,1.3,0.3,0.53,0.1,0.772,7.1,0.166,N,25.2,0.585,0.008,0.424,6.2,11.8,8.9,18.6,1.7,0.4,11.7,35.1,5.7,1.5,6.1,-1.0,5.1,3.6,0.2926829268292683,10,1.7,4.8
52,1985,Sidney Moncrief,MIL,0.083,73,37.5,21.7,5.4,5.2,1.6,0.5,0.483,0.273,0.828,11.2,0.197,N,20.1,0.565,0.028,0.472,6.1,9.8,7.9,20.1,2.1,0.8,11.6,23.6,7.3,3.9,3.8,1.0,4.8,4.7,0.7195121951219512,2,4.5,10.7
53,1985,Isiah Thomas,DET,0.081,81,38.1,21.2,4.5,13.9,2.3,0.3,0.458,0.257,0.809,11.2,0.173,N,22.2,0.529,0.08,0.35,3.7,8.7,6.1,47.9,2.8,0.4,15.7,24.0,7.5,3.6,5.1,1.2,6.3,6.5,0.5609756097560976,4,2.4,9.8
54,1985,Ralph Sampson,HOU,0.033,82,37.6,22.1,10.4,2.7,1.0,2.0,0.502,0.0,0.676,6.2,0.096,N,17.4,0.533,0.004,0.299,8.2,22.6,15.4,10.4,1.2,3.1,16.1,25.9,1.4,4.8,-0.3,0.7,0.4,1.8,0.5853658536585366,3,3.6,10.2
55,1986,Larry Bird,BOS,0.981,82,38.0,25.8,9.8,6.8,2.0,0.6,0.496,0.423,0.896,15.8,0.244,Y,25.6,0.58,0.121,0.306,7.2,20.4,14.2,26.3,2.5,0.9,12.7,27.6,9.6,6.2,6.6,2.1,8.7,8.4,0.8170731707317073,1,3.9,11.0
56,1986,Dominique Wilkins,ATL,0.522,78,39.1,30.3,7.9,2.6,1.8,0.6,0.468,0.186,0.818,10.8,0.17,N,23.3,0.536,0.037,0.372,9.5,12.9,11.2,11.7,2.2,0.9,10.2,32.9,7.0,3.9,4.6,-0.5,4.2,4.8,0.6097560975609756,4,2.1,5.9
57,1986,Magic Johnson,LAL,0.263,72,35.8,18.8,5.9,12.6,1.6,0.2,0.526,0.233,0.871,12.1,0.226,N,24.0,0.61,0.047,0.473,3.9,14.3,9.4,45.1,2.0,0.3,19.8,21.6,9.0,3.1,6.0,0.7,6.7,5.7,0.7560975609756098,1,4.9,10.8
58,1986,Hakeem Olajuwon,HOU,0.247,68,36.3,23.5,11.5,2.0,2.0,3.4,0.526,,0.645,9.5,0.186,N,24.2,0.56,0.0,0.453,14.4,19.8,17.1,8.0,2.5,5.2,12.0,25.6,5.3,4.2,2.9,1.2,4.0,3.8,0.6219512195121951,2,2.1,6.3
59,1986,Kareem Abdul-Jabbar,LAL,0.173,79,33.3,23.4,6.1,3.5,0.8,1.6,0.564,0.0,0.765,10.8,0.197,N,22.7,0.603,0.001,0.328,6.0,14.2,10.3,15.7,1.2,2.7,11.7,26.6,7.6,3.2,4.4,1.0,5.4,4.9,0.7560975609756098,1,5.7,12.1
60,1986,Charles Barkley,PHI,0.171,80,36.9,20.0,12.8,3.9,2.2,1.6,0.572,0.227,0.685,10.8,0.176,N,22.4,0.619,0.072,0.555,13.4,25.4,19.4,16.0,2.8,2.4,21.3,22.4,5.4,5.5,3.1,2.1,5.1,5.3,0.6585365853658537,3,4.6,10.6
61,1986,Sidney Moncrief,MIL,0.072,73,35.2,20.2,4.6,4.9,1.4,0.2,0.489,0.32,0.859,11.7,0.219,N,20.0,0.604,0.107,0.603,5.0,9.4,7.3,19.2,1.9,0.4,12.5,21.8,8.3,3.4,4.2,0.7,4.9,4.5,0.6951219512195121,2,5.3,9.8
62,1986,Alex English,DEN,0.071,81,37.3,29.8,5.0,4.0,0.9,0.4,0.504,0.2,0.862,9.8,0.156,N,21.7,0.562,0.003,0.314,6.3,7.7,7.0,17.0,1.1,0.5,10.4,30.5,7.6,2.3,4.4,-1.5,2.9,3.7,0.573170731707317,3,2.4,6.1
63,1986,Isiah Thomas,DET,0.036,77,36.2,20.9,3.6,10.8,2.2,0.3,0.488,0.31,0.79,8.8,0.151,N,21.2,0.554,0.067,0.37,3.1,7.6,5.3,40.7,2.8,0.4,16.6,24.4,6.1,2.7,4.3,0.7,5.0,4.9,0.5609756097560976,5,2.5,9.2
64,1987,Magic Johnson,LAL,0.94,80,36.3,23.9,6.3,12.2,1.7,0.5,0.522,0.205,0.848,15.9,0.263,Y,27.0,0.602,0.03,0.482,5.0,13.7,9.7,47.2,2.2,0.7,15.9,26.3,12.1,3.8,7.5,1.3,8.8,8.0,0.7926829268292683,1,3.3,9.3
65,1987,Michael Jordan,CHI,0.576,82,40.0,37.1,5.2,4.6,2.9,1.5,0.482,0.182,0.857,16.9,0.247,N,29.8,0.562,0.029,0.427,5.6,9.3,7.4,22.2,3.6,2.3,9.1,38.3,11.9,5.0,8.4,2.4,10.8,10.6,0.4878048780487805,8,0.9,6.0
66,1987,Larry Bird,BOS,0.347,74,40.6,28.1,9.2,7.6,1.8,0.9,0.525,0.4,0.91,15.2,0.243,N,26.4,0.612,0.15,0.304,5.1,19.2,12.8,28.6,2.2,1.3,12.4,27.5,10.4,4.8,7.3,2.0,9.4,8.6,0.7195121951219512,1,5.5,14.8
67,1987,Kevin McHale,BOS,0.326,77,39.7,26.1,9.9,2.6,0.5,2.2,0.604,0.0,0.836,14.8,0.232,N,24.0,0.655,0.003,0.392,9.9,17.5,14.0,9.8,0.6,3.1,11.4,24.1,10.8,4.0,4.7,0.4,5.1,5.5,0.7195121951219512,1,8.6,15.2
68,1987,Dominique Wilkins,ATL,0.164,79,37.6,29.0,6.3,3.3,1.5,0.6,0.463,0.292,0.818,12.2,0.197,N,23.5,0.543,0.059,0.415,7.7,10.3,9.0,14.9,1.9,1.0,9.2,32.3,8.4,3.7,5.5,0.0,5.5,5.6,0.6951219512195121,2,5.3,10.3
69,1987,Charles Barkley,PHI,0.145,68,40.3,23.0,14.6,4.9,1.8,1.5,0.594,0.202,0.761,12.0,0.21,N,25.1,0.66,0.111,0.602,16.7,24.8,20.8,19.0,2.1,2.2,21.4,23.1,7.7,4.3,5.4,1.3,6.7,6.0,0.5487804878048781,5,3.4,7.9
70,1987,Hakeem Olajuwon,HOU,0.036,75,36.8,23.4,11.4,2.9,1.9,3.4,0.508,0.2,0.702,10.9,0.189,N,23.8,0.554,0.004,0.428,12.7,21.3,17.1,12.6,2.4,5.3,12.6,26.8,4.9,6.0,3.1,2.7,5.8,5.4,0.5121951219512195,5,3.7,9.4
71,1987,Isiah Thomas,DET,0.022,81,37.2,20.6,3.9,10.0,1.9,0.2,0.463,0.194,0.768,7.6,0.121,N,18.8,0.528,0.072,0.385,3.0,8.2,5.7,39.3,2.4,0.4,17.8,25.9,3.8,3.8,2.9,0.4,3.3,4.0,0.6341463414634146,3,3.0,10.5
72,1987,Fat Lever,DEN,0.014,82,37.2,18.9,8.9,8.0,2.5,0.4,0.469,0.239,0.782,9.7,0.153,N,20.8,0.515,0.067,0.228,7.0,18.8,12.5,29.1,3.0,0.6,10.0,21.1,6.0,3.8,3.5,1.4,5.0,5.4,0.45121951219512196,8,3.1,8.1
73,1988,Michael Jordan,CHI,0.831,82,40.4,35.0,5.5,5.9,3.2,1.6,0.535,0.132,0.841,21.2,0.308,Y,31.7,0.603,0.027,0.43,4.8,10.7,7.8,27.0,3.9,2.4,9.6,34.1,15.2,6.1,8.8,4.2,13.0,12.5,0.6097560975609756,3,1.0,6.7
74,1988,Larry Bird,BOS,0.659,76,39.0,29.9,9.3,6.1,1.6,0.8,0.527,0.414,0.916,15.0,0.243,N,27.8,0.608,0.142,0.271,4.6,22.3,14.0,25.7,2.1,1.1,10.2,30.2,11.2,3.8,7.8,1.0,8.8,8.1,0.6951219512195121,1,3.3,10.2
75,1988,Magic Johnson,LAL,0.635,72,36.6,19.6,6.2,11.9,1.6,0.2,0.492,0.196,0.853,10.9,0.199,N,23.1,0.581,0.056,0.491,4.0,14.8,9.7,45.4,2.1,0.3,18.2,23.4,7.8,3.1,5.2,0.8,6.0,5.3,0.7560975609756098,1,4.2,10.7
76,1988,Charles Barkley,PHI,0.136,80,39.6,28.3,11.9,3.2,1.3,1.3,0.587,0.28,0.751,16.7,0.253,N,27.6,0.665,0.122,0.741,14.0,20.8,17.4,14.1,1.6,1.9,15.2,26.7,13.4,3.3,7.3,0.1,7.4,7.5,0.43902439024390244,10,3.9,8.3
77,1988,Clyde Drexler,POR,0.108,81,37.8,27.0,6.6,5.8,2.5,0.6,0.506,0.212,0.811,13.2,0.207,N,24.1,0.564,0.031,0.35,9.2,9.6,9.4,23.5,3.1,1.0,10.9,28.0,9.3,3.9,5.7,1.4,7.0,7.0,0.6463414634146342,3,4.0,9.8
78,1988,Dominique Wilkins,ATL,0.069,78,37.8,30.7,6.4,2.9,1.3,0.6,0.464,0.295,0.826,9.8,0.16,N,23.7,0.534,0.066,0.335,7.9,11.0,9.5,13.5,1.7,1.0,8.9,35.2,7.0,2.8,5.4,-1.1,4.3,4.7,0.6097560975609756,3,4.4,8.3
79,1988,Hakeem Olajuwon,HOU,0.05,79,35.8,22.8,12.1,2.1,2.1,2.7,0.514,0.0,0.695,10.7,0.182,N,23.4,0.555,0.003,0.396,11.2,24.1,17.7,9.2,2.7,4.2,13.0,26.5,4.4,6.3,2.2,2.2,4.4,4.6,0.5609756097560976,6,2.5,7.6
80,1988,Karl Malone,UTA,0.045,82,39.0,27.7,12.0,2.4,1.4,0.6,0.52,0.0,0.7,10.1,0.152,N,20.7,0.568,0.003,0.478,9.7,22.8,16.6,10.1,1.7,0.9,14.0,29.7,4.0,6.1,1.7,-0.2,1.5,2.9,0.573170731707317,5,7.6,14.1
81,1988,Fat Lever,DEN,0.033,82,37.3,18.9,8.1,7.8,2.7,0.3,0.473,0.211,0.785,10.4,0.163,N,20.5,0.516,0.042,0.232,6.7,16.5,11.4,28.1,3.3,0.4,10.8,21.4,5.5,4.9,3.0,2.2,5.1,5.5,0.6585365853658537,2,3.1,8.8
82,1988,John Stockton,UTA,0.019,82,34.7,14.7,2.9,13.8,3.0,0.2,0.574,0.358,0.84,14.1,0.238,N,23.2,0.645,0.085,0.41,2.1,6.6,4.5,54.8,4.0,0.3,21.9,17.2,9.2,4.9,5.2,3.3,8.5,7.6,0.573170731707317,5,2.9,10.1
83,1989,Magic Johnson,LAL,0.782,77,37.5,22.5,7.9,12.8,1.8,0.3,0.509,0.314,0.911,16.1,0.267,Y,26.9,0.625,0.165,0.495,4.6,18.0,11.7,48.6,2.3,0.4,18.4,24.3,12.1,4.0,7.3,2.0,9.4,8.3,0.6951219512195121,1,3.7,9.7
84,1989,Michael Jordan,CHI,0.704,81,40.2,32.5,8.0,8.0,2.9,0.8,0.538,0.276,0.85,19.8,0.292,N,31.1,0.614,0.055,0.442,5.5,17.3,11.6,34.7,3.6,1.2,11.9,32.1,14.6,5.2,8.4,3.4,11.9,11.4,0.573170731707317,6,1.5,6.4
85,1989,Karl Malone,UTA,0.426,80,39.1,29.1,10.7,2.7,1.8,0.9,0.519,0.313,0.766,15.2,0.233,N,24.4,0.592,0.01,0.589,10.0,19.6,15.1,12.8,2.3,1.3,12.7,30.4,8.6,6.6,4.3,1.2,5.4,5.9,0.6219512195121951,3,8.3,15.6
86,1989,Patrick Ewing,NYK,0.235,80,36.2,22.7,9.3,2.4,1.5,3.5,0.567,0.0,0.746,10.9,0.181,N,22.1,0.607,0.005,0.378,8.0,20.7,14.2,9.5,1.9,5.6,15.1,23.6,6.2,4.7,2.3,2.3,4.5,4.8,0.6341463414634146,3,3.4,7.2
87,1989,Hakeem Olajuwon,HOU,0.211,82,36.9,24.8,13.5,1.8,2.6,3.4,0.508,0.0,0.696,12.4,0.197,N,25.2,0.552,0.006,0.419,12.2,27.2,19.8,8.2,3.3,5.5,13.0,28.2,4.6,7.8,2.7,2.9,5.5,5.7,0.5487804878048781,5,2.9,8.7
88,1989,Charles Barkley,PHI,0.111,79,39.1,25.8,12.5,4.1,1.6,0.8,0.579,0.216,0.753,16.1,0.25,N,27.0,0.653,0.134,0.661,14.5,21.3,17.9,16.0,2.0,1.3,14.0,24.4,13.2,2.9,7.3,0.2,7.5,7.4,0.5609756097560976,7,2.2,7.0
89,1989,John Stockton,UTA,0.033,82,38.7,17.1,3.0,13.6,3.2,0.2,0.538,0.242,0.863,15.6,0.236,N,22.9,0.624,0.072,0.49,3.1,5.4,4.3,54.3,4.1,0.3,21.5,19.1,9.8,5.8,5.1,3.2,8.3,8.3,0.6219512195121951,3,5.9,15.2
90,1989,Kevin Johnson,PHO,0.026,81,39.2,20.4,4.2,12.2,1.7,0.3,0.505,0.091,0.882,12.2,0.184,N,20.5,0.597,0.02,0.511,1.6,9.4,5.7,40.4,2.0,0.4,18.9,21.2,8.6,3.5,3.9,0.3,4.2,5.0,0.6707317073170732,2,3.0,9.2
91,1989,Tom Chambers,PHO,0.024,81,37.1,25.7,8.4,2.9,1.1,0.7,0.471,0.326,0.851,9.2,0.146,N,19.3,0.547,0.052,0.364,5.3,18.4,12.1,11.1,1.3,1.0,10.8,28.2,5.1,4.1,1.6,-0.2,1.4,2.6,0.6707317073170732,2,5.0,12.2
92,1989,Mark Price,CLE,0.021,75,36.4,18.9,3.0,8.4,1.5,0.1,0.526,0.441,0.901,11.3,0.199,N,20.6,0.623,0.21,0.29,2.1,7.0,4.7,33.8,2.1,0.1,15.7,21.0,8.0,3.3,4.5,0.0,4.5,4.5,0.6951219512195121,2,4.8,10.3
93,1990,Magic Johnson,LAL,0.691,79,37.2,22.3,6.6,11.5,1.7,0.4,0.48,0.384,0.89,16.5,0.27,Y,26.6,0.622,0.243,0.56,5.2,14.8,10.2,45.5,2.2,0.7,16.9,24.8,12.8,3.8,8.3,1.8,10.1,8.9,0.7682926829268293,1,4.3,10.6
94,1990,Charles Barkley,PHI,0.667,79,39.1,25.2,11.5,3.9,1.9,0.6,0.6,0.217,0.749,17.3,0.269,N,27.1,0.661,0.078,0.632,13.4,20.0,16.7,15.6,2.4,1.0,13.9,24.0,13.1,4.2,7.2,1.0,8.2,8.0,0.6463414634146342,3,2.7,8.0
95,1990,Michael Jordan,CHI,0.613,82,39.0,33.6,6.9,6.3,2.8,0.7,0.526,0.376,0.848,19.0,0.285,N,31.2,0.606,0.125,0.356,5.3,15.6,10.4,28.6,3.5,1.1,9.8,33.7,14.7,4.3,9.1,2.1,11.2,10.6,0.6707317073170732,2,3.0,8.0
96,1990,Karl Malone,UTA,0.233,82,38.1,31.0,11.1,2.8,1.5,0.6,0.562,0.372,0.762,15.9,0.245,N,27.2,0.626,0.026,0.561,9.3,24.0,17.1,13.2,1.9,1.0,13.0,32.6,10.5,5.4,5.9,0.5,6.4,6.6,0.6707317073170732,4,8.0,14.4
97,1990,Patrick Ewing,NYK,0.176,82,38.6,28.6,10.9,2.2,1.0,4.0,0.551,0.25,0.775,13.5,0.205,N,25.8,0.599,0.002,0.387,8.5,22.4,15.7,10.0,1.2,5.9,12.4,29.4,8.3,5.3,3.7,1.8,5.5,6.0,0.5487804878048781,5,1.5,6.0
98,1990,David Robinson,SAS,0.111,82,36.6,24.3,12.0,2.0,1.7,3.9,0.531,0.0,0.732,15.1,0.241,N,26.3,0.597,0.002,0.644,11.7,24.8,18.5,8.7,2.2,6.5,13.3,26.6,7.9,7.2,4.0,2.9,6.9,6.8,0.6829268292682927,3,2.7,8.7
99,1990,Hakeem Olajuwon,HOU,0.07,82,38.1,24.3,14.0,2.9,2.1,4.6,0.501,0.167,0.713,11.2,0.173,N,24.1,0.541,0.004,0.333,10.3,28.3,19.5,12.1,2.6,7.0,14.6,28.1,2.5,8.7,1.8,4.0,5.8,6.2,0.5,8,2.0,8.5
100,1990,Tom Chambers,PHO,0.013,81,37.6,27.2,7.0,2.3,1.1,0.6,0.501,0.279,0.861,11.2,0.176,N,20.9,0.579,0.053,0.4,4.7,15.2,10.3,10.0,1.4,0.9,10.3,28.8,7.5,3.7,2.7,-0.3,2.3,3.3,0.6585365853658537,5,4.9,11.6
101,1990,John Stockton,UTA,0.01,78,37.4,17.2,2.6,14.5,2.7,0.2,0.514,0.416,0.819,14.4,0.238,N,23.9,0.607,0.123,0.471,2.5,5.6,4.1,57.4,3.5,0.4,19.7,20.6,10.4,4.0,6.7,2.2,8.9,8.0,0.6707317073170732,4,6.6,15.9
102,1990,Larry Bird,BOS,0.005,75,39.3,24.3,9.5,7.5,1.4,0.8,0.473,0.333,0.93,9.5,0.154,N,21.9,0.546,0.129,0.226,3.6,22.2,13.4,28.9,1.8,1.2,12.7,27.4,5.3,4.1,4.1,1.2,5.3,5.5,0.6341463414634146,4,3.8,11.1
103,1991,Michael Jordan,CHI,0.928,82,37.0,31.5,6.0,5.5,2.7,1.0,0.539,0.312,0.851,20.3,0.321,Y,31.6,0.605,0.051,0.365,4.6,14.3,9.5,25.2,3.7,1.7,8.7,32.9,14.9,5.4,8.9,3.2,12.0,10.8,0.7439024390243902,1,5.9,11.2
104,1991,Magic Johnson,LAL,0.518,79,37.1,19.4,7.0,12.5,1.3,0.2,0.477,0.32,0.906,15.4,0.251,N,25.1,0.623,0.256,0.587,4.3,16.9,10.9,49.3,1.8,0.3,20.4,22.9,11.2,4.2,7.0,1.9,9.0,8.1,0.7073170731707317,2,3.4,9.0
105,1991,David Robinson,SAS,0.496,82,37.7,25.6,13.0,2.5,1.5,3.9,0.552,0.143,0.762,17.0,0.264,N,27.4,0.615,0.005,0.569,12.6,24.7,19.0,10.9,2.0,6.2,13.7,26.6,9.4,7.6,5.2,3.3,8.5,8.2,0.6707317073170732,3,2.3,8.8
106,1991,Charles Barkley,PHI,0.231,67,37.3,27.6,10.1,4.2,1.6,0.5,0.57,0.284,0.722,13.4,0.258,N,28.9,0.635,0.133,0.564,11.8,18.6,15.3,20.6,2.2,0.8,12.6,29.1,10.3,3.1,8.3,1.0,9.3,7.0,0.5365853658536586,5,4.1,9.8
107,1991,Karl Malone,UTA,0.148,82,40.3,29.0,11.8,3.3,1.1,1.0,0.527,0.286,0.77,15.5,0.225,N,24.8,0.596,0.009,0.552,9.0,24.5,17.2,14.7,1.4,1.5,10.9,30.1,9.9,5.6,4.8,0.6,5.4,6.2,0.6585365853658537,5,8.1,14.0
108,1991,Clyde Drexler,POR,0.078,82,34.8,21.5,6.7,6.0,1.8,0.7,0.482,0.319,0.794,12.4,0.209,N,22.1,0.563,0.143,0.392,8.3,12.8,10.6,25.7,2.4,1.3,12.9,25.7,8.0,4.5,5.2,1.7,6.8,6.4,0.7682926829268293,1,6.2,13.0
109,1991,Kevin Johnson,PHO,0.033,77,36.0,22.2,3.5,10.1,2.1,0.1,0.516,0.205,0.843,12.7,0.22,N,23.7,0.604,0.038,0.538,2.2,8.1,5.3,40.7,2.8,0.2,16.0,24.8,9.5,3.3,5.5,1.1,6.6,6.0,0.6707317073170732,3,3.7,9.7
110,1991,Dominique Wilkins,ATL,0.03,81,38.0,25.9,9.0,3.3,1.5,0.8,0.47,0.341,0.829,11.4,0.177,N,23.5,0.555,0.152,0.35,9.0,17.3,13.0,14.4,1.9,1.3,9.6,28.1,8.6,2.8,5.4,-0.5,4.9,5.4,0.524390243902439,6,2.6,6.3
111,1991,Larry Bird,BOS,0.026,60,38.0,19.4,8.5,7.2,1.8,1.0,0.454,0.389,0.891,6.6,0.14,N,19.7,0.53,0.195,0.18,2.8,20.4,12.3,25.9,2.3,1.5,14.6,23.7,3.0,3.6,2.9,1.7,4.6,3.8,0.6829268292682927,2,2.7,
112,1991,Terry Porter,POR,0.026,81,32.9,17.0,3.5,8.0,2.0,0.1,0.515,0.415,0.823,13.0,0.235,N,21.7,0.632,0.332,0.359,2.2,9.4,5.9,34.0,2.8,0.3,14.7,19.6,9.2,3.9,5.6,1.8,7.4,6.2,0.7682926829268293,1,6.4,12.4
113,1992,Michael Jordan,CHI,0.938,80,38.8,30.1,6.4,6.1,2.3,0.9,0.519,0.27,0.832,17.7,0.274,Y,27.7,0.579,0.055,0.325,3.5,15.3,9.5,25.7,3.0,1.5,8.8,31.7,12.1,5.6,7.2,2.5,9.7,9.2,0.8170731707317073,1,6.4,14.1
114,1992,Clyde Drexler,POR,0.584,76,36.2,25.0,6.6,6.7,1.8,0.9,0.47,0.337,0.794,12.8,0.223,N,23.6,0.56,0.229,0.342,6.6,13.2,9.9,29.9,2.4,1.6,12.4,28.7,8.3,4.5,6.8,1.9,8.7,7.4,0.6951219512195121,1,4.0,10.6
115,1992,David Robinson,SAS,0.351,68,37.7,23.2,12.2,2.7,2.3,4.5,0.551,0.125,0.701,13.9,0.26,N,27.5,0.597,0.007,0.522,11.2,24.0,17.7,11.3,3.1,7.4,12.1,24.7,7.0,6.9,4.8,4.6,9.4,7.4,0.573170731707317,5,2.3,8.4
116,1992,Karl Malone,UTA,0.273,81,37.7,28.0,11.2,3.0,1.3,0.6,0.526,0.176,0.778,15.1,0.237,N,25.4,0.599,0.011,0.571,8.7,24.1,16.8,13.4,1.8,1.0,11.6,30.3,9.9,5.2,5.2,0.6,5.7,5.9,0.6707317073170732,2,8.1,13.4
117,1992,Patrick Ewing,NYK,0.104,82,38.4,24.0,11.2,1.9,1.1,3.0,0.522,0.167,0.738,13.0,0.198,N,22.8,0.563,0.004,0.335,8.4,24.9,16.8,8.5,1.4,5.0,10.7,27.2,6.1,6.9,2.6,2.2,4.9,5.5,0.6219512195121951,3,3.5,7.6
118,1992,Chris Mullin,GSW,0.084,81,41.3,25.6,5.6,3.5,2.1,0.8,0.524,0.366,0.833,10.8,0.155,N,19.9,0.586,0.11,0.265,4.2,10.4,7.4,12.2,2.4,1.1,10.2,23.6,8.1,2.7,3.6,0.1,3.7,4.8,0.6707317073170732,2,4.1,9.2
119,1992,Mark Price,CLE,0.069,72,29.7,17.3,2.4,7.4,1.3,0.2,0.488,0.387,0.947,9.1,0.205,N,22.7,0.61,0.291,0.318,2.1,6.8,4.5,37.9,2.2,0.3,13.5,24.1,7.5,1.6,6.1,-0.4,5.8,4.2,0.6951219512195121,2,5.2,
120,1992,Tim Hardaway,GSW,0.067,81,41.1,23.4,3.8,10.0,2.0,0.2,0.461,0.338,0.766,9.2,0.132,N,19.1,0.537,0.236,0.244,2.7,7.4,5.1,33.3,2.3,0.2,13.2,24.4,7.2,2.0,3.9,-1.1,2.8,4.1,0.6707317073170732,2,4.8,10.8
121,1992,Scottie Pippen,CHI,0.033,82,38.6,21.0,7.7,7.0,1.9,1.1,0.506,0.2,0.76,12.7,0.192,N,21.5,0.555,0.059,0.319,6.9,15.8,11.5,25.8,2.5,1.8,14.0,24.6,7.1,5.5,4.1,2.0,6.1,6.4,0.8170731707317073,1,9.2,17.7
122,1992,Dennis Rodman,DET,0.027,82,40.3,9.8,18.7,2.3,0.8,0.9,0.539,0.317,0.6,12.6,0.183,N,17.0,0.574,0.159,0.22,18.1,34.1,26.2,8.2,1.1,1.3,16.7,11.1,5.6,7.0,1.9,0.9,2.8,4.0,0.5853658536585366,5,2.3,8.2
123,1993,Charles Barkley,PHO,0.852,76,37.6,25.6,12.2,5.1,1.6,1.0,0.52,0.305,0.765,14.4,0.242,Y,25.9,0.596,0.16,0.423,9.5,26.3,18.1,21.2,2.0,1.6,12.5,26.9,9.6,4.8,6.3,1.4,7.8,7.1,0.7560975609756098,1,3.6,9.8
124,1993,Hakeem Olajuwon,HOU,0.66,82,39.5,26.1,13.0,3.5,1.8,4.2,0.529,0.0,0.779,15.8,0.234,N,27.3,0.577,0.005,0.356,10.5,25.9,18.7,15.8,2.4,6.5,12.4,28.8,7.9,8.0,3.9,3.6,7.5,7.8,0.6707317073170732,2,2.5,8.2
125,1993,Michael Jordan,CHI,0.577,78,39.3,32.6,6.7,5.5,2.8,0.8,0.495,0.352,0.837,17.2,0.27,N,29.7,0.564,0.115,0.284,4.9,15.1,9.8,25.2,3.7,1.3,8.4,34.7,12.0,5.2,8.7,2.6,11.2,10.2,0.6951219512195121,2,4.7,9.1
126,1993,Patrick Ewing,NYK,0.366,81,37.1,24.2,12.1,1.9,0.9,2.0,0.503,0.143,0.719,10.6,0.17,N,20.8,0.546,0.005,0.359,7.3,28.4,18.2,9.2,1.3,3.6,12.9,29.7,2.6,8.1,1.4,2.0,3.4,4.0,0.7317073170731707,1,3.0,7.5
127,1993,Dominique Wilkins,ATL,0.055,71,37.3,29.9,6.8,3.2,1.0,0.4,0.468,0.38,0.828,10.5,0.191,N,24.3,0.57,0.199,0.396,7.6,12.9,10.1,14.9,1.3,0.6,9.0,31.9,9.1,1.4,7.1,-1.7,5.4,4.9,0.524390243902439,6,3.8,7.0
128,1993,David Robinson,SAS,0.034,82,39.2,23.4,11.7,3.7,1.5,3.2,0.501,0.176,0.732,13.2,0.197,N,24.2,0.569,0.013,0.568,8.6,24.8,17.1,15.0,2.0,5.1,12.5,26.4,6.7,6.4,3.6,2.7,6.4,6.8,0.5975609756097561,5,1.8,6.4
129,1993,Shaquille O'Neal,ORL,0.031,81,37.9,23.4,13.9,1.9,0.7,3.5,0.562,0.0,0.592,10.4,0.163,N,22.9,0.584,0.002,0.553,13.4,27.1,20.6,8.5,1.0,5.7,15.9,27.0,4.5,6.0,2.0,1.5,3.5,4.3,0.5,8,3.5,8.0
130,1993,Karl Malone,UTA,0.01,82,37.8,27.0,11.2,3.8,1.5,1.0,0.552,0.2,0.74,15.4,0.238,N,26.2,0.612,0.014,0.579,8.6,24.6,16.9,16.9,2.0,1.8,11.7,28.4,10.4,5.0,6.0,1.4,7.3,7.3,0.573170731707317,6,6.2,10.6
131,1993,Mark Price,CLE,0.01,75,31.7,18.2,2.7,8.0,1.2,0.1,0.484,0.416,0.948,9.8,0.197,N,22.1,0.609,0.297,0.309,1.9,7.6,4.8,38.1,1.9,0.3,14.9,24.5,7.4,2.3,5.8,-0.6,5.3,4.4,0.6585365853658537,3,4.7,12.7
132,1993,Brad Daugherty,CLE,0.001,71,37.9,20.2,10.2,4.4,0.7,0.8,0.571,0.5,0.795,12.7,0.226,N,22.0,0.635,0.002,0.54,7.3,22.9,15.5,17.3,1.0,1.3,11.7,21.1,8.8,3.9,4.0,0.9,4.9,4.7,0.6585365853658537,3,4.4,10.7
133,1994,Hakeem Olajuwon,HOU,0.88,80,41.0,27.3,11.9,3.6,1.6,3.7,0.528,0.421,0.716,14.3,0.21,Y,25.3,0.565,0.011,0.32,8.2,23.3,16.2,16.4,2.0,5.7,12.3,29.8,6.4,7.9,3.5,3.3,6.8,7.3,0.7073170731707317,2,2.5,9.8
134,1994,David Robinson,SAS,0.723,80,40.5,29.8,10.7,4.8,1.7,3.3,0.507,0.345,0.749,20.0,0.296,N,30.7,0.577,0.017,0.558,8.8,20.3,14.8,21.6,2.3,5.4,10.9,32.0,13.3,6.7,8.1,3.8,11.9,11.4,0.6707317073170732,4,2.3,8.7
135,1994,Scottie Pippen,CHI,0.386,72,38.3,22.0,8.7,5.6,2.9,0.8,0.491,0.32,0.66,11.2,0.194,N,23.2,0.544,0.154,0.32,7.3,19.4,13.3,24.6,4.0,1.4,13.7,27.1,5.2,6.0,4.5,3.2,7.7,6.8,0.6707317073170732,3,3.9,10.0
136,1994,Shaquille O'Neal,ORL,0.286,81,39.8,29.3,13.2,2.4,0.9,2.9,0.599,0.0,0.554,16.9,0.252,N,28.5,0.605,0.001,0.534,13.5,23.7,18.7,11.0,1.2,4.5,10.2,29.0,12.1,4.8,6.2,0.6,6.8,7.2,0.6097560975609756,4,3.8,7.6
137,1994,Patrick Ewing,NYK,0.252,79,37.6,24.5,11.2,2.3,1.1,2.7,0.496,0.286,0.765,13.1,0.211,N,22.9,0.551,0.009,0.387,8.5,24.9,16.9,11.3,1.6,5.1,12.9,29.8,5.1,8.0,2.5,2.7,5.2,5.5,0.6951219512195121,1,2.6,10.5
138,1994,Gary Payton,SEA,0.02,82,35.1,16.5,3.3,6.0,2.3,0.2,0.504,0.278,0.595,9.3,0.155,N,17.8,0.526,0.047,0.241,4.3,6.8,5.5,26.7,3.3,0.5,11.9,21.6,5.2,4.1,1.9,1.3,3.1,3.7,0.7682926829268293,1,4.2,11.7
139,1994,Shawn Kemp,SEA,0.017,79,32.9,18.1,10.8,2.6,1.8,2.1,0.538,0.25,0.741,11.7,0.216,N,22.9,0.593,0.004,0.496,14.2,24.7,19.4,12.4,2.8,4.6,17.7,24.2,5.6,6.0,2.4,2.0,4.4,4.2,0.7682926829268293,1,3.7,9.3
140,1994,Karl Malone,UTA,0.017,82,40.6,25.2,11.5,4.0,1.5,1.5,0.497,0.25,0.694,13.4,0.193,N,22.9,0.55,0.021,0.474,8.3,24.1,16.3,17.1,1.9,2.6,11.1,28.0,7.4,6.1,4.1,1.5,5.6,6.4,0.6463414634146342,5,7.5,13.2
141,1994,Mark Price,CLE,0.007,76,31.4,17.3,3.0,7.8,1.4,0.1,0.478,0.397,0.888,10.0,0.201,N,22.7,0.586,0.296,0.267,1.9,9.2,5.6,42.0,2.3,0.3,14.4,24.6,7.6,2.4,6.3,0.1,6.4,5.0,0.573170731707317,5,2.4,7.4
142,1994,Charles Barkley,PHO,0.005,65,35.4,21.6,11.2,4.6,1.6,0.6,0.495,0.27,0.704,8.8,0.185,N,22.8,0.563,0.17,0.432,9.8,25.6,17.8,20.0,2.2,1.0,14.2,26.5,5.6,3.3,4.5,0.7,5.2,4.2,0.6829268292682927,3,3.4,9.3
143,1995,David Robinson,SAS,0.858,81,38.0,27.6,10.8,2.9,1.7,3.2,0.53,0.3,0.774,17.5,0.273,Y,29.1,0.602,0.013,0.57,9.1,22.6,16.2,13.7,2.2,5.9,11.1,29.9,10.7,6.7,6.0,3.2,9.2,8.7,0.7560975609756098,1,2.8,8.7
144,1995,Shaquille O'Neal,ORL,0.576,79,37.0,29.3,11.4,2.7,0.9,2.4,0.583,0.0,0.533,14.0,0.23,N,28.6,0.588,0.003,0.536,13.3,21.7,17.6,13.3,1.3,4.5,9.4,31.9,9.6,4.4,5.6,0.2,5.8,5.7,0.6951219512195121,1,4.5,10.7
145,1995,Karl Malone,UTA,0.507,82,38.1,26.7,10.6,3.5,1.6,1.0,0.536,0.268,0.742,13.8,0.212,N,25.1,0.59,0.026,0.449,6.6,27.2,17.4,16.4,2.1,2.2,11.3,30.3,8.1,5.8,4.3,1.3,5.6,6.0,0.7317073170731707,2,7.9,13.9
146,1995,Patrick Ewing,NYK,0.219,79,37.0,23.9,11.0,2.7,0.9,2.0,0.503,0.286,0.75,9.6,0.157,N,21.9,0.555,0.014,0.386,6.6,27.5,17.4,14.4,1.2,4.1,13.1,30.7,3.1,6.5,1.8,1.8,3.5,4.1,0.6707317073170732,2,2.5,8.6
147,1995,Hakeem Olajuwon,HOU,0.14,72,39.6,27.8,10.8,3.5,1.8,3.4,0.517,0.188,0.756,10.7,0.181,N,26.0,0.563,0.01,0.348,7.3,23.1,15.6,17.2,2.4,5.9,11.7,31.7,5.1,5.6,2.8,2.6,5.4,5.3,0.573170731707317,6,2.3,6.1
148,1995,Charles Barkley,PHO,0.091,68,35.0,23.0,11.1,4.1,1.6,0.7,0.486,0.338,0.748,10.6,0.214,N,25.2,0.572,0.192,0.444,9.8,26.8,18.2,18.9,2.3,1.4,9.9,27.5,7.4,3.3,5.6,0.7,6.3,5.0,0.7195121951219512,3,3.1,7.7
149,1995,Scottie Pippen,CHI,0.079,79,38.2,21.4,8.1,5.2,2.9,1.1,0.48,0.345,0.716,11.8,0.188,N,22.6,0.559,0.239,0.333,6.9,18.2,12.5,22.8,4.0,2.2,15.2,26.3,5.1,6.7,4.4,3.0,7.5,7.2,0.573170731707317,5,4.1,10.0
150,1995,John Stockton,UTA,0.045,82,35.0,14.7,3.1,12.3,2.4,0.3,0.542,0.449,0.804,13.9,0.233,N,23.3,0.651,0.287,0.387,2.6,8.0,5.5,52.6,3.5,0.6,22.4,18.9,9.9,4.0,7.0,2.0,9.0,7.9,0.7317073170731707,2,6.0,13.8
151,1995,Gary Payton,SEA,0.032,82,36.8,20.6,3.4,7.1,2.5,0.2,0.509,0.302,0.716,11.7,0.187,N,21.3,0.564,0.172,0.259,4.3,6.7,5.5,31.8,3.4,0.3,11.8,24.4,8.2,3.5,4.1,0.8,4.9,5.2,0.6951219512195121,4,4.7,12.9
152,1995,Anfernee Hardaway,ORL,0.022,77,37.7,20.9,4.4,7.2,1.7,0.3,0.512,0.349,0.769,10.7,0.177,N,20.8,0.599,0.218,0.405,5.7,7.5,6.6,28.5,2.3,0.6,16.1,23.7,8.2,2.5,4.4,-0.3,4.1,4.5,0.6951219512195121,1,5.7,14.0
153,1996,Michael Jordan,CHI,0.986,82,37.7,30.4,6.6,4.3,2.2,0.5,0.495,0.427,0.834,20.4,0.317,Y,29.4,0.582,0.141,0.355,5.6,14.9,10.2,21.2,3.1,1.0,8.4,33.3,14.2,6.2,8.3,2.2,10.5,9.8,0.8780487804878049,1,5.9,12.3
154,1996,David Robinson,SAS,0.508,82,36.8,25.0,12.2,3.0,1.4,3.3,0.516,0.333,0.761,18.3,0.29,N,29.4,0.589,0.007,0.597,12.3,24.2,18.4,14.6,1.9,6.4,9.8,28.8,11.1,7.2,5.8,3.1,8.9,8.3,0.7195121951219512,2,2.9,9.1
155,1996,Anfernee Hardaway,ORL,0.319,82,36.8,21.7,4.3,7.1,2.0,0.5,0.513,0.314,0.767,14.4,0.229,N,24.6,0.605,0.233,0.477,5.1,8.5,6.8,32.2,2.9,1.0,13.5,25.5,11.0,3.4,6.2,1.0,7.2,6.9,0.7317073170731707,2,3.4,8.8
156,1996,Hakeem Olajuwon,HOU,0.211,72,38.8,26.9,10.9,3.6,1.6,2.9,0.514,0.214,0.724,9.7,0.166,N,25.5,0.558,0.009,0.367,7.3,24.0,15.9,18.3,2.1,5.3,12.5,31.9,4.5,5.2,2.8,2.0,4.9,4.9,0.5853658536585366,5,3.0,6.7
157,1996,Scottie Pippen,CHI,0.2,77,36.7,19.4,6.4,5.9,1.7,0.7,0.463,0.374,0.679,12.3,0.209,N,21.0,0.551,0.33,0.266,6.3,14.2,10.2,25.2,2.5,1.5,13.2,24.4,7.0,5.3,4.6,1.7,6.3,5.9,0.8780487804878049,1,9.8,20.4
158,1996,Gary Payton,SEA,0.087,81,39.0,19.3,4.2,7.5,2.9,0.2,0.484,0.328,0.748,11.5,0.174,N,19.6,0.554,0.234,0.24,4.1,8.4,6.3,33.3,3.7,0.5,15.6,23.6,5.9,5.6,2.8,1.8,4.6,5.2,0.7804878048780488,1,3.4,11.2
159,1996,Karl Malone,UTA,0.075,82,38.0,25.7,9.8,4.2,1.7,0.7,0.519,0.4,0.723,15.1,0.233,N,26.0,0.575,0.026,0.466,7.1,24.2,15.8,20.6,2.4,1.5,9.8,29.8,9.9,5.3,5.6,1.4,7.0,7.1,0.6707317073170732,3,6.4,13.0
160,1996,Shawn Kemp,SEA,0.065,79,33.3,19.6,11.4,2.2,1.2,1.6,0.561,0.417,0.742,11.2,0.205,N,22.6,0.631,0.013,0.709,13.0,26.9,20.3,11.5,1.8,3.8,20.4,26.2,5.2,6.1,1.5,1.3,2.8,3.2,0.7804878048780488,1,5.2,11.5
161,1996,Grant Hill,DET,0.056,80,40.8,20.2,9.8,6.9,1.3,0.6,0.462,0.192,0.751,11.7,0.172,N,20.9,0.537,0.021,0.529,4.9,23.4,14.5,31.4,1.7,1.2,14.9,25.9,6.0,5.7,3.1,1.7,4.8,5.6,0.5609756097560976,6,2.3,7.6
162,1997,Karl Malone,UTA,0.857,82,36.6,27.4,9.9,4.5,1.4,0.6,0.55,0.0,0.755,16.7,0.268,Y,28.9,0.6,0.008,0.439,8.5,24.2,16.8,24.5,2.0,1.3,11.1,32.7,11.6,5.1,7.1,1.2,8.3,7.8,0.7804878048780488,1,6.3,13.6
163,1997,Michael Jordan,CHI,0.832,82,37.9,29.6,5.9,4.3,1.7,0.5,0.486,0.374,0.833,18.3,0.283,N,27.8,0.567,0.157,0.304,4.2,13.2,8.8,21.2,2.4,1.1,7.2,33.2,13.3,5.0,7.8,1.1,8.9,8.6,0.8414634146341463,1,6.1,13.1
164,1997,Grant Hill,DET,0.327,80,39.3,21.4,9.0,7.3,1.8,0.6,0.496,0.303,0.711,14.6,0.223,N,25.5,0.556,0.026,0.503,5.0,23.1,14.2,36.0,2.6,1.3,14.4,28.3,8.7,5.9,5.4,2.7,8.2,8.0,0.6585365853658537,5,2.7,8.8
165,1997,Tim Hardaway,MIA,0.207,81,38.7,20.3,3.4,8.6,1.9,0.1,0.415,0.344,0.799,12.9,0.198,N,20.8,0.532,0.426,0.263,1.9,8.5,5.2,41.9,2.6,0.2,13.0,26.6,7.9,5.0,5.2,1.0,6.2,6.5,0.7439024390243902,2,2.9,8.4
166,1997,Glen Rice,CHH,0.117,79,42.6,26.8,4.0,2.0,0.9,0.3,0.477,0.47,0.867,10.8,0.154,N,19.7,0.605,0.291,0.354,2.5,8.8,5.7,8.8,1.2,0.6,9.2,26.9,9.6,1.2,3.9,-2.1,1.8,3.2,0.6585365853658537,5,4.3,11.4
167,1997,Gary Payton,SEA,0.091,82,39.2,21.8,4.6,7.1,2.4,0.2,0.476,0.313,0.715,12.9,0.193,N,21.8,0.545,0.256,0.24,4.0,10.2,7.1,33.8,3.3,0.3,11.6,26.4,8.2,4.7,4.4,1.1,5.5,6.1,0.6951219512195121,2,4.4,10.9
168,1997,Hakeem Olajuwon,HOU,0.083,78,36.6,23.2,9.2,3.0,1.5,2.2,0.51,0.313,0.787,9.1,0.154,N,22.7,0.558,0.011,0.313,7.4,21.0,14.5,16.2,2.1,4.5,14.8,30.4,3.5,5.6,1.5,2.0,3.5,3.9,0.6951219512195121,2,3.9,9.4
169,1997,Patrick Ewing,NYK,0.05,78,37.0,22.4,10.7,2.0,0.9,2.4,0.488,0.222,0.754,9.8,0.163,N,21.3,0.548,0.007,0.434,7.5,26.4,17.3,10.8,1.3,5.3,14.4,29.8,2.9,6.9,0.9,1.9,2.8,3.5,0.6951219512195121,3,2.7,8.9
170,1997,Anthony Mason,CHH,0.006,73,43.1,16.2,11.4,5.7,1.0,0.5,0.525,0.333,0.745,11.4,0.173,N,18.9,0.585,0.004,0.519,7.4,24.0,16.0,21.4,1.3,0.8,14.0,17.6,8.0,3.3,2.6,0.8,3.5,4.3,0.6585365853658537,5,3.3,10.8
171,1997,Shaquille O'Neal,LAL,0.006,51,38.1,26.2,12.5,3.1,0.9,2.9,0.557,0.0,0.484,8.0,0.197,N,27.1,0.556,0.004,0.483,11.6,25.9,18.8,17.3,1.2,5.8,10.8,31.1,4.1,3.9,4.7,1.8,6.5,4.1,0.6829268292682927,4,4.0,9.6
172,1998,Michael Jordan,CHI,0.934,82,38.8,28.7,5.8,3.5,1.7,0.5,0.465,0.238,0.784,15.8,0.238,Y,25.2,0.533,0.067,0.381,4.7,12.5,8.5,18.0,2.4,1.0,7.7,33.7,10.4,5.4,5.9,1.0,6.9,7.1,0.7560975609756098,1,3.0,7.8
173,1998,Karl Malone,UTA,0.726,81,37.4,27.0,10.3,3.9,1.2,0.9,0.53,0.333,0.761,16.4,0.259,N,27.9,0.597,0.004,0.56,8.3,24.8,17.1,20.9,1.7,1.7,11.9,31.8,12.1,4.3,6.6,0.7,7.3,7.1,0.7560975609756098,1,3.6,9.5
174,1998,Gary Payton,SEA,0.372,82,38.4,19.2,4.6,8.3,2.3,0.2,0.453,0.338,0.744,12.5,0.19,N,21.6,0.544,0.311,0.293,3.0,11.2,7.1,36.7,3.1,0.4,13.7,24.6,8.5,4.0,4.4,0.7,5.1,5.7,0.7439024390243902,2,3.4,10.4
175,1998,Shaquille O'Neal,LAL,0.268,60,36.3,28.3,11.4,2.4,0.7,2.4,0.584,,0.527,10.2,0.224,N,28.8,0.587,0.0,0.594,11.1,24.0,17.7,13.5,0.9,4.6,10.8,32.9,6.7,3.4,5.7,0.2,5.8,4.3,0.7439024390243902,2,4.4,10.1
176,1998,Tim Duncan,SAS,0.128,82,39.1,21.1,11.9,2.7,0.7,2.5,0.549,0.0,0.662,12.8,0.192,N,22.6,0.577,0.008,0.375,10.5,23.8,17.6,13.7,0.9,4.5,15.7,26.0,5.6,7.2,2.5,2.0,4.6,5.3,0.6829268292682927,4,6.3,13.8
177,1998,Tim Hardaway,MIA,0.061,81,37.4,18.9,3.7,8.3,1.7,0.2,0.431,0.351,0.781,11.7,0.185,N,20.6,0.53,0.341,0.254,1.9,9.4,5.8,41.3,2.4,0.4,13.5,25.6,7.9,3.8,4.8,0.4,5.2,5.5,0.6707317073170732,3,2.2,7.5
178,1998,David Robinson,SAS,0.031,73,33.7,21.6,10.6,2.7,0.9,2.6,0.511,0.25,0.735,13.8,0.269,N,27.8,0.581,0.004,0.62,12.0,23.7,18.2,15.9,1.4,5.5,13.0,29.7,7.8,6.0,5.3,2.9,8.3,6.3,0.6829268292682927,4,5.3,12.8
179,1998,Grant Hill,DET,0.02,81,40.7,21.1,7.7,6.8,1.8,0.7,0.452,0.143,0.74,10.2,0.149,N,21.2,0.52,0.015,0.475,3.3,19.3,11.3,31.5,2.4,1.2,14.8,27.3,5.2,5.1,3.3,1.5,4.7,5.6,0.45121951219512196,11,1.7,6.9
180,1998,Scottie Pippen,CHI,0.012,44,37.5,19.1,5.2,5.8,1.8,1.0,0.447,0.318,0.777,6.6,0.193,N,20.4,0.533,0.273,0.274,3.7,12.1,7.9,26.5,2.6,1.9,12.1,24.4,3.7,3.0,3.3,1.6,5.0,2.9,0.7560975609756098,1,7.1,
181,1999,Karl Malone,UTA,0.701,49,37.4,23.8,9.4,4.1,1.3,0.6,0.493,0.0,0.788,9.6,0.252,Y,25.6,0.577,0.001,0.602,7.7,22.1,15.4,23.0,1.9,1.2,13.8,30.5,6.2,3.4,5.3,1.4,6.7,4.0,0.74,1,2.8,6.4
182,1999,Alonzo Mourning,MIA,0.655,46,38.1,20.1,11.0,1.6,0.7,3.9,0.511,0.0,0.652,7.9,0.216,N,24.6,0.563,0.003,0.667,12.3,22.0,17.5,8.7,1.1,7.7,14.5,27.1,4.0,3.9,2.5,2.2,4.7,3.0,0.66,1,2.4,5.4
183,1999,Tim Duncan,SAS,0.627,50,39.3,21.7,11.4,2.4,0.9,2.5,0.495,0.143,0.69,8.7,0.213,N,23.2,0.541,0.008,0.424,9.7,22.2,16.3,12.1,1.2,4.4,12.7,27.2,4.0,4.7,2.7,1.8,4.5,3.2,0.74,1,3.4,8.4
184,1999,Allen Iverson,PHI,0.27,48,41.5,26.8,4.9,4.6,2.3,0.1,0.412,0.291,0.751,7.2,0.173,N,22.2,0.508,0.188,0.449,3.8,10.1,6.9,24.2,3.0,0.3,11.7,32.6,4.3,2.9,5.1,0.6,5.7,3.9,0.56,6,1.4,5.4
185,1999,Jason Kidd,PHO,0.135,50,41.2,16.9,6.8,10.8,2.3,0.4,0.444,0.366,0.757,8.1,0.188,N,22.5,0.527,0.176,0.342,4.8,14.5,9.6,44.0,3.0,0.7,15.7,21.4,5.8,2.3,4.4,1.1,5.5,3.9,0.54,6,2.1,5.4
186,1999,Shaquille O'Neal,LAL,0.075,49,34.8,26.3,10.7,2.3,0.7,1.7,0.576,0.0,0.54,9.0,0.255,N,30.6,0.584,0.001,0.563,13.1,22.6,18.0,14.4,1.1,3.5,10.0,32.4,7.2,1.9,7.5,-0.4,7.1,3.9,0.62,4,1.9,5.2
187,1999,Chris Webber,SAC,0.043,42,40.9,20.0,13.0,4.1,1.4,2.1,0.486,0.118,0.454,3.6,0.102,N,19.5,0.491,0.044,0.224,9.2,24.2,16.7,17.8,1.7,3.3,14.8,24.9,1.0,2.7,0.8,1.1,1.9,1.7,0.54,6,1.8,5.2
188,1999,Grant Hill,DET,0.033,50,37.0,21.1,7.1,6.0,1.6,0.5,0.479,0.0,0.752,7.3,0.189,N,23.9,0.543,0.017,0.473,4.3,19.3,11.7,33.6,2.4,1.2,16.0,29.6,4.5,2.8,4.8,1.4,6.2,3.8,0.58,5,1.4,4.8
189,1999,Gary Payton,SEA,0.03,50,40.2,21.7,4.9,8.7,2.2,0.2,0.434,0.295,0.721,7.2,0.172,N,23.1,0.519,0.304,0.299,3.5,10.6,7.0,41.3,2.9,0.4,12.9,27.1,6.0,1.2,5.1,0.0,5.1,3.6,0.5,8,1.8,5.8
190,1999,Kevin Garnett,MIN,0.008,47,37.9,20.8,10.4,4.3,1.7,1.8,0.46,0.286,0.704,5.4,0.146,N,22.4,0.493,0.016,0.229,9.7,22.0,15.4,21.3,2.3,3.5,12.0,27.8,2.4,3.0,3.6,1.7,5.3,3.3,0.5,8,1.2,3.7
191,2000,Shaquille O'Neal,LAL,0.998,79,40.0,29.7,13.6,3.8,0.5,3.0,0.574,0.0,0.524,18.6,0.283,Y,30.6,0.578,0.001,0.495,11.5,24.8,18.3,19.3,0.6,5.3,9.9,31.2,11.7,7.0,7.3,2.0,9.3,9.0,0.8170731707317073,1,4.5,10.6
192,2000,Kevin Garnett,MIN,0.337,81,40.0,22.9,11.8,5.0,1.5,1.6,0.497,0.37,0.765,11.6,0.172,N,23.6,0.545,0.053,0.265,7.9,26.6,17.1,21.5,1.9,2.8,13.6,27.4,6.1,5.6,4.6,1.7,6.3,6.8,0.6097560975609756,6,4.1,8.6
193,2000,Alonzo Mourning,MIA,0.303,79,34.8,21.7,9.5,1.6,0.5,3.7,0.551,0.0,0.711,12.9,0.226,N,25.8,0.596,0.003,0.492,9.5,21.6,15.9,8.7,0.8,7.8,13.1,28.1,7.3,5.6,3.1,2.2,5.3,5.0,0.6341463414634146,2,2.3,6.9
194,2000,Karl Malone,UTA,0.258,82,35.9,25.5,9.5,3.7,1.0,0.9,0.509,0.25,0.797,15.3,0.249,N,27.1,0.582,0.005,0.501,7.1,24.7,16.1,20.9,1.4,1.9,11.4,31.9,10.7,4.5,6.4,1.1,7.5,7.1,0.6707317073170732,3,5.3,11.2
195,2000,Tim Duncan,SAS,0.205,74,38.9,23.2,12.4,3.2,0.9,2.2,0.49,0.091,0.761,13.0,0.218,N,24.8,0.555,0.009,0.471,10.8,24.8,18.1,15.5,1.2,4.0,13.5,28.7,6.7,6.4,3.8,1.8,5.6,5.5,0.6463414634146342,4,5.0,12.7
196,2000,Gary Payton,SEA,0.149,82,41.8,24.2,6.5,8.9,1.9,0.2,0.448,0.34,0.735,13.9,0.195,N,23.6,0.535,0.312,0.254,3.2,13.9,8.5,37.7,2.3,0.4,10.8,26.8,10.5,3.5,5.8,0.7,6.4,7.3,0.5487804878048781,7,2.6,7.5
197,2000,Allen Iverson,PHI,0.109,70,40.8,28.4,3.8,4.7,2.1,0.1,0.421,0.341,0.713,6.9,0.116,N,20.0,0.496,0.151,0.358,2.7,7.7,5.2,23.0,2.6,0.1,10.3,34.4,3.3,3.6,3.4,-0.2,3.2,3.8,0.5975609756097561,4,1.8,6.1
198,2000,Grant Hill,DET,0.093,74,37.5,25.8,6.6,5.2,1.4,0.6,0.489,0.347,0.795,10.7,0.185,N,24.5,0.565,0.069,0.425,4.1,16.4,10.2,26.8,1.9,1.1,12.4,30.5,8.1,2.6,5.4,0.1,5.4,5.2,0.5121951219512195,7,2.4,7.6
199,2000,Chris Webber,SAC,0.079,75,38.4,24.5,10.5,4.6,1.6,1.7,0.483,0.284,0.751,10.7,0.179,N,23.4,0.53,0.061,0.267,6.8,21.8,14.3,21.1,2.0,2.9,11.2,28.2,5.7,5.0,3.6,2.1,5.7,5.6,0.5365853658536586,8,2.9,7.2
200,2000,Vince Carter,TOR,0.042,82,38.1,25.7,5.8,3.9,1.3,1.1,0.465,0.403,0.791,11.8,0.182,N,23.4,0.543,0.139,0.325,5.2,12.1,8.5,20.5,1.8,2.1,8.4,30.0,9.1,2.7,5.6,-0.1,5.5,5.9,0.5487804878048781,6,3.4,6.6
201,2001,Allen Iverson,PHI,0.904,71,42.0,31.1,3.8,4.6,2.5,0.3,0.42,0.32,0.814,11.8,0.19,Y,24.0,0.518,0.169,0.397,1.9,8.3,5.2,23.0,3.2,0.5,10.0,35.9,7.3,4.5,5.0,1.1,6.1,6.1,0.6829268292682927,1,2.1,6.5
202,2001,Tim Duncan,SAS,0.569,82,38.7,22.2,12.2,3.0,0.9,2.3,0.499,0.259,0.618,13.2,0.2,N,23.8,0.536,0.019,0.471,9.7,25.1,17.8,15.3,1.2,4.2,12.5,28.7,6.2,7.1,2.9,1.8,4.7,5.4,0.7073170731707317,1,4.3,12.1
203,2001,Shaquille O'Neal,LAL,0.466,74,39.5,28.7,12.7,3.7,0.6,2.8,0.572,0.0,0.513,14.9,0.245,N,30.2,0.574,0.001,0.684,11.3,24.8,18.1,18.8,0.8,4.9,10.5,31.6,11.1,3.9,7.0,0.7,7.7,7.1,0.6829268292682927,2,4.7,11.3
204,2001,Chris Webber,SAC,0.42,70,40.5,27.1,11.1,4.2,1.3,1.7,0.481,0.071,0.703,11.0,0.186,N,24.7,0.516,0.017,0.282,7.0,22.1,14.8,20.6,1.7,2.8,9.6,31.6,5.8,5.2,4.0,1.4,5.5,5.3,0.6707317073170732,3,3.2,10.1
205,2001,Kevin Garnett,MIN,0.122,81,39.5,22.0,11.4,5.0,1.4,1.8,0.477,0.288,0.764,11.8,0.176,N,23.9,0.531,0.045,0.317,7.7,25.3,16.4,21.8,1.8,3.2,12.0,27.0,7.0,4.8,4.5,1.4,6.0,6.4,0.573170731707317,8,3.6,8.5
206,2001,Tracy McGrady,ORL,0.052,77,40.1,26.8,7.5,4.6,1.5,1.5,0.457,0.355,0.733,12.2,0.189,N,24.9,0.521,0.096,0.34,6.7,14.3,10.4,22.8,1.9,2.8,9.1,31.2,8.3,3.9,6.5,0.5,7.0,7.0,0.524390243902439,7,3.6,8.7
207,2001,Karl Malone,UTA,0.017,81,35.7,23.2,8.3,4.5,1.1,0.8,0.498,0.4,0.793,13.1,0.217,N,24.7,0.572,0.004,0.503,5.0,23.3,14.3,24.1,1.7,1.7,12.9,30.0,9.1,4.0,5.5,1.1,6.6,6.3,0.6463414634146342,4,5.3,10.8
208,2001,Jason Kidd,PHO,0.015,77,39.8,16.9,6.4,9.8,2.2,0.3,0.411,0.297,0.814,9.6,0.15,N,19.4,0.51,0.211,0.367,3.3,15.2,9.1,41.2,2.8,0.5,18.3,22.7,4.2,5.4,2.4,1.7,4.2,4.8,0.6219512195121951,6,4.4,11.7
209,2001,Kobe Bryant,LAL,0.009,68,40.9,28.5,5.9,5.0,1.7,0.6,0.464,0.305,0.853,11.3,0.196,N,24.5,0.552,0.132,0.369,4.3,11.8,8.1,23.0,2.1,1.1,11.1,31.8,9.2,2.2,5.1,-0.3,4.8,4.7,0.6829268292682927,2,7.1,14.9
210,2001,David Robinson,SAS,0.006,80,29.6,14.4,8.6,1.5,1.0,2.5,0.486,0.0,0.747,12.1,0.246,N,23.7,0.559,0.001,0.571,10.4,22.0,16.5,8.8,1.8,5.8,10.6,22.8,6.4,5.7,2.5,2.7,5.2,4.3,0.7073170731707317,1,5.4,13.2
211,2002,Tim Duncan,SAS,0.757,82,40.6,25.5,12.7,3.7,0.7,2.5,0.508,0.1,0.799,17.8,0.257,Y,27.0,0.576,0.007,0.466,9.6,25.9,18.0,18.3,1.0,4.3,12.7,29.0,10.7,7.1,5.4,2.2,7.6,8.0,0.7073170731707317,2,3.4,10.1
212,2002,Jason Kidd,NJN,0.712,82,37.3,14.7,7.3,9.9,2.1,0.2,0.391,0.321,0.814,8.9,0.14,N,19.1,0.484,0.32,0.217,4.7,17.2,10.9,42.5,3.0,0.5,18.7,22.5,3.1,5.8,3.0,1.5,4.5,5.0,0.6341463414634146,1,3.0,7.7
213,2002,Shaquille O'Neal,LAL,0.552,67,36.1,27.2,10.7,3.0,0.6,2.0,0.579,0.0,0.555,13.2,0.262,N,29.7,0.59,0.001,0.583,10.8,21.6,16.3,16.4,0.9,4.1,10.0,31.8,9.2,4.0,7.1,0.9,8.0,6.1,0.7073170731707317,2,5.2,12.7
214,2002,Tracy McGrady,ORL,0.31,76,38.3,25.6,7.9,5.3,1.6,1.0,0.451,0.364,0.748,11.5,0.189,N,25.1,0.532,0.178,0.35,5.7,17.3,11.5,25.8,2.1,1.8,9.4,31.1,8.1,3.4,6.4,0.4,6.8,6.4,0.5365853658536586,4,3.0,7.6
215,2002,Kobe Bryant,LAL,0.078,80,38.3,25.2,5.5,5.5,1.5,0.4,0.469,0.25,0.829,12.7,0.199,N,23.2,0.544,0.083,0.369,4.1,11.7,7.9,25.9,2.0,0.8,10.7,30.4,8.9,3.8,4.3,0.3,4.6,5.2,0.7073170731707317,2,6.1,13.2
216,2002,Gary Payton,SEA,0.043,82,40.3,22.1,4.8,9.0,1.6,0.3,0.467,0.314,0.797,12.6,0.183,N,22.9,0.526,0.15,0.212,2.9,11.1,7.1,39.4,2.1,0.6,10.8,27.2,10.1,2.5,5.2,-0.2,5.1,5.9,0.5487804878048781,7,5.8,12.1
217,2002,Chris Webber,SAC,0.029,54,38.4,24.5,10.1,4.8,1.7,1.4,0.495,0.263,0.749,8.6,0.2,N,24.4,0.54,0.018,0.314,7.9,20.1,14.1,21.9,2.2,2.4,11.4,29.0,4.8,3.9,3.8,1.6,5.4,3.9,0.7439024390243902,1,3.3,9.9
218,2002,Dirk Nowitzki,DAL,0.025,76,38.0,23.4,9.9,2.4,1.1,1.0,0.477,0.397,0.853,13.4,0.222,N,24.1,0.599,0.278,0.41,4.7,24.0,14.5,10.8,1.5,1.9,8.9,25.5,10.2,3.1,5.4,0.1,5.5,5.5,0.6951219512195121,4,3.6,9.9
219,2002,Allen Iverson,PHI,0.023,60,43.7,31.4,4.5,5.5,2.8,0.2,0.398,0.291,0.812,6.9,0.126,N,21.9,0.489,0.161,0.351,1.9,9.6,5.8,27.6,3.5,0.4,11.0,37.8,2.6,4.3,3.9,0.8,4.8,4.5,0.524390243902439,6,2.0,9.6
220,2002,Ben Wallace,DET,0.019,80,36.5,7.6,13.0,1.4,1.7,3.5,0.531,0.0,0.423,11.6,0.19,N,18.6,0.522,0.006,0.488,12.9,28.9,21.0,6.2,2.5,6.7,10.7,10.5,4.3,7.2,1.2,3.3,4.4,4.8,0.6097560975609756,2,3.0,7.5
221,2003,Tim Duncan,SAS,0.808,81,39.3,23.3,12.9,3.9,0.7,2.9,0.513,0.273,0.71,16.5,0.248,Y,26.9,0.564,0.016,0.455,9.9,27.3,19.0,19.5,0.9,5.2,12.9,28.0,9.5,6.9,5.0,2.5,7.6,7.7,0.7317073170731707,1,1.8,7.7
222,2003,Kevin Garnett,MIN,0.732,82,40.5,23.0,13.4,6.0,1.4,1.6,0.502,0.282,0.751,15.6,0.225,N,26.4,0.553,0.048,0.339,8.6,28.5,18.8,25.8,1.8,2.8,11.9,26.4,9.8,5.8,6.0,2.4,8.4,8.7,0.6219512195121951,4,1.3,5.2
223,2003,Kobe Bryant,LAL,0.417,82,41.5,30.0,6.9,5.9,2.2,0.8,0.451,0.383,0.843,14.9,0.21,N,26.2,0.55,0.168,0.371,3.5,15.3,9.3,27.2,2.8,1.4,11.4,32.9,11.0,4.0,6.3,0.7,7.1,7.7,0.6097560975609756,5,5.5,13.2
224,2003,Tracy McGrady,ORL,0.359,75,39.4,32.1,6.5,5.5,1.7,0.8,0.457,0.386,0.793,16.1,0.262,N,30.3,0.564,0.247,0.4,4.6,14.6,9.5,30.0,2.2,1.5,8.4,35.2,13.2,2.9,9.8,0.7,10.5,9.3,0.5121951219512195,7,1.7,4.9
225,2003,Shaquille O'Neal,LAL,0.106,67,37.8,27.5,11.1,3.1,0.6,2.4,0.574,,0.622,13.2,0.25,N,29.5,0.602,0.0,0.599,11.4,21.6,16.5,16.2,0.8,4.5,11.4,30.2,10.2,3.0,6.4,0.1,6.5,5.5,0.6097560975609756,5,7.7,14.9
226,2003,Allen Iverson,PHI,0.07,82,42.5,27.6,4.2,5.5,2.7,0.2,0.414,0.277,0.774,9.2,0.127,N,21.2,0.5,0.156,0.379,2.3,9.5,5.8,25.1,3.4,0.3,11.2,32.9,5.0,4.2,3.2,0.2,3.5,4.8,0.5853658536585366,3,2.1,8.4
227,2003,Dirk Nowitzki,DAL,0.036,80,39.0,25.1,9.9,3.0,1.4,1.0,0.463,0.379,0.881,16.1,0.249,N,25.6,0.581,0.262,0.368,2.9,25.1,14.0,13.3,1.8,2.0,8.1,27.4,10.8,5.3,5.8,1.4,7.2,7.3,0.7317073170731707,1,4.5,11.6
228,2003,Ben Wallace,DET,0.028,73,39.4,6.9,15.4,1.6,1.4,3.2,0.481,0.167,0.45,10.6,0.176,N,17.2,0.486,0.014,0.432,11.9,34.9,23.2,6.9,2.0,5.9,14.5,10.2,2.7,7.9,0.4,3.5,3.9,4.3,0.6097560975609756,1,3.8,9.9
229,2003,Jason Kidd,NJN,0.026,80,37.4,18.7,6.3,8.9,2.2,0.3,0.414,0.341,0.841,11.3,0.182,N,22.2,0.526,0.297,0.324,4.2,15.1,9.6,42.2,3.1,0.6,17.2,25.9,5.5,5.8,4.8,1.8,6.6,6.5,0.5975609756097561,2,3.3,9.9
230,2003,Chris Webber,SAC,0.016,67,39.1,23.0,10.5,5.4,1.6,1.3,0.461,0.238,0.607,6.9,0.127,N,20.9,0.485,0.015,0.247,6.9,21.1,14.4,24.6,2.0,2.2,11.9,30.4,1.7,5.3,2.0,1.5,3.5,3.6,0.7195121951219512,3,3.6,
231,2004,Kevin Garnett,MIN,0.991,82,39.4,24.2,13.9,5.0,1.5,2.2,0.499,0.256,0.791,18.3,0.272,Y,29.4,0.547,0.027,0.289,9.1,30.0,20.1,24.4,2.0,4.0,10.5,29.6,10.4,8.0,6.8,3.3,10.2,10.0,0.7073170731707317,1,4.6,12.1
232,2004,Tim Duncan,SAS,0.582,69,36.6,22.3,12.4,3.1,0.9,2.7,0.501,0.167,0.599,13.1,0.249,N,27.1,0.534,0.01,0.498,10.2,27.6,19.0,17.4,1.3,5.3,11.3,29.7,5.9,7.2,5.2,3.3,8.5,6.7,0.6951219512195121,2,3.8,9.1
233,2004,Jermaine O'Neal,IND,0.425,78,35.7,20.1,10.0,2.1,0.8,2.6,0.434,0.111,0.757,9.0,0.155,N,21.1,0.489,0.013,0.329,8.1,25.0,16.5,12.3,1.2,5.5,10.1,30.2,2.7,6.3,1.1,1.3,2.4,3.1,0.7439024390243902,1,3.8,8.9
234,2004,Peja StojakoviÄ‡,SAC,0.228,81,40.3,24.2,6.3,2.1,1.3,0.2,0.48,0.433,0.927,13.5,0.198,N,21.8,0.624,0.4,0.307,3.2,14.1,8.8,9.1,1.7,0.3,8.9,23.9,11.4,2.1,5.2,-1.3,3.9,4.9,0.6707317073170732,4,3.4,10.0
235,2004,Kobe Bryant,LAL,0.172,65,37.6,24.0,5.5,5.1,1.7,0.4,0.438,0.327,0.852,10.7,0.21,N,23.7,0.551,0.184,0.452,4.7,12.0,8.3,24.4,2.4,0.8,10.8,29.1,7.8,3.0,5.1,0.5,5.6,4.7,0.6829268292682927,3,4.1,9.9
236,2004,Shaquille O'Neal,LAL,0.145,67,36.8,21.5,11.5,2.9,0.5,2.5,0.584,,0.49,9.9,0.192,N,24.4,0.578,0.0,0.713,11.1,24.4,17.7,14.8,0.7,5.0,13.5,26.3,5.9,4.0,3.8,1.0,4.8,4.1,0.6829268292682927,3,4.7,10.7
237,2004,Ben Wallace,DET,0.02,81,37.7,9.5,12.4,1.7,1.8,3.0,0.421,0.125,0.49,10.2,0.16,N,17.3,0.441,0.011,0.388,12.5,25.5,19.1,7.7,2.6,6.1,12.3,15.3,1.1,9.1,0.2,3.3,3.5,4.3,0.6585365853658537,2,3.9,11.3
238,2004,Jason Kidd,NJN,0.014,67,36.6,15.5,6.4,9.2,1.8,0.2,0.384,0.321,0.827,7.2,0.141,N,19.7,0.485,0.306,0.26,4.1,16.5,10.3,44.8,2.7,0.4,16.7,24.6,2.8,4.4,3.4,1.3,4.7,4.2,0.573170731707317,3,3.4,11.0
239,2004,LeBron James,CLE,0.009,79,39.5,20.9,5.5,5.9,1.6,0.7,0.417,0.29,0.754,5.1,0.078,N,18.3,0.488,0.145,0.308,3.5,11.8,7.6,27.8,2.2,1.3,13.9,28.2,2.4,2.6,2.3,-0.6,1.7,2.9,0.4268292682926829,9,2.7,9.4
240,2004,Sam Cassell,MIN,0.003,81,35.0,19.8,3.3,7.3,1.3,0.2,0.488,0.398,0.873,12.1,0.205,N,22.8,0.566,0.146,0.261,1.9,8.7,5.5,38.0,1.9,0.5,13.5,27.2,8.8,3.3,4.1,0.3,4.4,4.6,0.7073170731707317,1,10.0,18.3
241,2005,Steve Nash,PHO,0.839,75,34.3,15.5,3.3,11.5,1.0,0.1,0.502,0.431,0.887,10.9,0.203,Y,22.0,0.606,0.254,0.278,2.5,7.6,5.2,49.2,1.4,0.2,20.3,20.5,9.7,1.2,5.5,-0.8,4.7,4.4,0.7560975609756098,1,5.1,14.6
242,2005,Shaquille O'Neal,MIA,0.813,73,34.1,22.9,10.4,2.7,0.5,2.3,0.601,,0.461,11.0,0.211,N,27.0,0.583,0.0,0.699,12.4,22.8,17.8,15.7,0.8,5.0,12.4,30.5,6.4,4.6,4.1,1.2,5.3,4.6,0.7195121951219512,1,4.9,11.0
243,2005,Dirk Nowitzki,DAL,0.275,78,38.7,26.1,9.7,3.1,1.2,1.5,0.459,0.399,0.869,15.6,0.248,N,26.1,0.578,0.158,0.49,3.6,24.0,14.0,14.3,1.7,2.9,9.1,28.7,10.3,5.2,5.8,1.5,7.3,7.1,0.7073170731707317,3,3.2,8.5
244,2005,Tim Duncan,SAS,0.258,66,33.4,20.3,11.1,2.7,0.7,2.6,0.496,0.333,0.67,11.2,0.245,N,27.0,0.54,0.009,0.437,10.7,28.2,19.4,16.1,1.1,5.7,9.3,28.9,5.5,5.7,4.8,2.8,7.6,5.4,0.7195121951219512,2,4.9,11.0
245,2005,Allen Iverson,PHI,0.189,75,42.3,30.7,4.0,7.9,2.4,0.1,0.424,0.308,0.835,9.0,0.136,N,23.2,0.532,0.186,0.432,1.8,8.9,5.3,37.6,2.9,0.2,13.7,35.0,5.3,3.7,4.2,0.0,4.2,5.0,0.524390243902439,7,2.3,6.6
246,2005,LeBron James,CLE,0.073,80,42.4,27.2,7.4,7.2,2.2,0.7,0.472,0.351,0.75,14.3,0.203,N,25.7,0.554,0.183,0.378,3.8,17.0,10.2,32.9,2.8,1.1,11.8,29.7,9.7,4.6,7.0,1.7,8.6,9.1,0.5121951219512195,8,2.3,8.5
247,2005,Tracy McGrady,HOU,0.035,78,40.8,25.7,6.2,5.7,1.7,0.7,0.431,0.326,0.774,12.0,0.18,N,22.9,0.526,0.262,0.336,2.7,14.8,8.9,28.6,2.3,1.3,9.5,31.2,6.5,5.4,5.2,1.5,6.7,6.9,0.6219512195121951,5,2.8,10.7
248,2005,Dwyane Wade,MIA,0.034,77,38.6,24.1,5.2,6.8,1.6,1.1,0.478,0.289,0.762,11.0,0.177,N,23.1,0.561,0.034,0.578,4.5,10.8,7.8,31.0,2.2,2.0,16.3,30.9,6.7,4.3,3.9,0.7,4.6,4.9,0.7195121951219512,1,4.6,11.0
249,2005,Amar'e Stoudemire,PHO,0.032,80,36.1,26.0,8.9,1.6,1.0,1.6,0.559,0.188,0.733,14.6,0.243,N,26.6,0.617,0.012,0.595,8.5,17.4,13.2,7.7,1.3,3.0,10.1,28.3,11.3,3.3,4.1,0.3,4.4,4.7,0.7560975609756098,1,5.1,12.5
250,2005,Ray Allen,SEA,0.032,78,39.3,23.9,4.4,3.7,1.1,0.1,0.428,0.376,0.883,10.7,0.168,N,20.9,0.555,0.372,0.286,3.2,10.7,6.9,18.1,1.5,0.1,9.2,28.0,9.7,1.0,5.3,-1.2,4.1,4.8,0.6341463414634146,4,3.9,8.4
251,2006,Steve Nash,PHO,0.739,79,35.4,18.8,4.2,10.5,0.8,0.2,0.512,0.439,0.921,12.4,0.212,Y,23.3,0.632,0.324,0.264,1.9,11.1,6.6,44.4,1.1,0.3,19.0,23.3,10.3,2.1,5.7,-0.7,5.0,4.9,0.6585365853658537,3,5.6,14.6
252,2006,LeBron James,CLE,0.55,79,42.5,31.4,7.0,6.6,1.6,0.8,0.48,0.335,0.738,16.3,0.232,N,28.1,0.568,0.208,0.447,2.6,17.1,9.8,32.8,2.0,1.5,10.7,33.6,12.0,4.3,7.5,1.6,9.1,9.4,0.6097560975609756,3,2.1,8.7
253,2006,Dirk Nowitzki,DAL,0.435,81,38.1,26.6,9.0,2.8,0.7,1.0,0.48,0.406,0.901,17.7,0.275,N,28.1,0.589,0.173,0.382,4.6,23.4,14.2,14.7,1.0,2.1,7.9,30.0,13.5,4.3,7.8,0.4,8.1,7.9,0.7317073170731707,2,3.7,9.6
254,2006,Kobe Bryant,LAL,0.386,80,41.0,35.4,5.3,4.5,1.8,0.4,0.45,0.347,0.85,15.3,0.224,N,28.0,0.559,0.238,0.377,2.6,12.7,7.6,24.1,2.4,0.7,9.0,38.7,11.6,3.7,7.4,0.2,7.6,8.0,0.5487804878048781,6,3.9,9.2
255,2006,Chauncey Billups,DET,0.344,81,36.1,18.5,3.1,8.6,0.9,0.1,0.418,0.433,0.894,15.5,0.254,N,23.4,0.602,0.42,0.514,1.6,8.7,5.1,39.3,1.3,0.2,12.0,22.9,12.7,2.8,6.2,0.1,6.2,6.1,0.7804878048780488,1,4.0,10.1
256,2006,Dwyane Wade,MIA,0.07,75,38.6,27.2,5.7,6.7,1.9,0.8,0.495,0.171,0.783,14.4,0.239,N,27.6,0.577,0.054,0.568,4.5,12.6,8.7,33.0,2.6,1.5,13.2,32.5,10.2,4.2,5.9,1.8,7.7,7.1,0.6341463414634146,2,2.1,7.0
257,2006,Elton Brand,LAC,0.04,79,39.2,24.7,10.0,2.6,1.0,2.5,0.527,0.333,0.775,14.8,0.229,N,26.5,0.58,0.002,0.396,9.3,19.9,14.8,13.1,1.4,4.9,9.3,27.7,9.3,5.5,5.1,1.6,6.7,6.8,0.573170731707317,5,2.4,7.6
258,2006,Tim Duncan,SAS,0.026,80,34.8,18.6,11.0,3.2,0.9,2.0,0.484,0.4,0.629,10.8,0.187,N,23.1,0.523,0.004,0.45,10.1,26.9,18.7,16.5,1.4,4.2,12.2,27.7,3.9,6.9,2.3,2.6,5.0,4.9,0.7682926829268293,1,4.1,9.6
259,2006,Tony Parker,SAS,0.007,80,33.9,18.9,3.3,5.8,1.0,0.1,0.548,0.306,0.707,9.6,0.169,N,20.8,0.584,0.032,0.315,1.7,9.5,5.7,32.2,1.7,0.1,16.1,27.1,5.5,4.1,2.4,0.4,2.8,3.3,0.7682926829268293,1,4.9,10.8
260,2006,Allen Iverson,PHI,0.001,72,43.1,33.0,3.2,7.4,1.9,0.1,0.447,0.323,0.814,10.6,0.165,N,25.9,0.543,0.122,0.455,1.7,7.1,4.4,34.9,2.3,0.2,10.2,35.8,8.8,1.8,5.8,-1.0,4.8,5.3,0.4634146341463415,9,2.0,7.5
261,2007,Dirk Nowitzki,DAL,0.882,78,36.2,24.6,8.9,3.4,0.7,0.8,0.502,0.416,0.904,16.3,0.278,Y,27.6,0.605,0.129,0.411,5.3,23.9,14.8,17.8,1.0,1.7,9.5,28.9,11.8,4.5,7.2,1.2,8.3,7.4,0.8170731707317073,1,4.3,10.8
262,2007,Steve Nash,PHO,0.785,76,35.3,18.6,3.5,11.6,0.8,0.1,0.532,0.455,0.899,12.6,0.225,N,23.8,0.654,0.353,0.254,1.4,9.9,5.8,50.1,1.1,0.2,21.0,22.9,10.8,1.7,6.7,-0.8,5.9,5.3,0.7439024390243902,2,4.8,12.0
263,2007,Kobe Bryant,LAL,0.404,77,40.8,31.6,5.7,5.4,1.4,0.5,0.463,0.344,0.868,13.0,0.199,N,26.1,0.58,0.227,0.437,2.8,13.5,8.2,25.5,1.8,0.9,10.9,33.6,10.8,2.2,6.4,-0.5,5.9,6.1,0.5121951219512195,7,1.7,4.7
264,2007,Tim Duncan,SAS,0.222,80,34.1,20.0,10.6,3.4,0.8,2.4,0.546,0.111,0.637,13.0,0.23,N,26.1,0.579,0.008,0.502,9.8,27.0,18.8,18.8,1.3,5.1,14.0,27.9,6.3,6.8,3.8,3.2,7.0,6.2,0.7073170731707317,3,5.1,10.6
265,2007,LeBron James,CLE,0.142,78,40.9,27.3,6.7,6.0,1.6,0.7,0.476,0.319,0.698,13.7,0.206,N,24.5,0.552,0.191,0.432,3.0,16.6,9.6,29.1,2.1,1.3,11.5,31.0,8.0,5.7,5.9,2.2,8.1,8.1,0.6097560975609756,2,1.3,6.6
266,2007,Tracy McGrady,HOU,0.085,71,35.8,24.6,5.3,6.5,1.3,0.5,0.431,0.331,0.707,8.6,0.163,N,23.2,0.515,0.257,0.33,2.6,14.5,8.6,37.5,1.9,1.1,11.2,35.0,4.1,4.5,4.9,1.2,6.1,5.2,0.6341463414634146,4,3.2,9.0
267,2007,Chris Bosh,TOR,0.033,69,38.5,22.6,10.7,2.5,0.6,1.3,0.496,0.343,0.785,9.6,0.174,N,22.6,0.577,0.032,0.539,8.1,24.8,16.4,11.7,0.8,2.6,11.7,26.7,6.1,3.5,2.8,-0.1,2.7,3.1,0.573170731707317,4,2.1,6.5
268,2007,Gilbert Arenas,WAS,0.024,74,39.8,28.4,4.6,6.0,1.9,0.2,0.418,0.351,0.844,10.8,0.177,N,24.0,0.565,0.377,0.464,2.3,11.1,6.6,27.2,2.4,0.3,11.2,31.4,9.3,1.5,5.5,-0.8,4.7,5.0,0.5,6,2.2,6.8
269,2007,Carlos Boozer,UTA,0.005,74,34.6,20.9,11.7,3.0,0.9,0.3,0.561,,0.685,9.9,0.185,N,24.1,0.588,0.0,0.322,11.2,29.9,20.6,16.6,1.4,0.7,12.8,26.5,6.5,3.4,4.4,0.2,4.6,4.3,0.6219512195121951,5,3.0,8.8
270,2007,Kevin Garnett,MIN,0.005,76,39.4,22.4,12.8,4.1,1.2,1.7,0.476,0.214,0.835,10.7,0.171,N,24.1,0.546,0.042,0.371,7.5,30.8,19.5,19.5,1.6,3.2,11.6,27.4,5.7,4.9,3.8,1.7,5.4,5.5,0.3902439024390244,12,1.8,5.7
271,2008,Kobe Bryant,LAL,0.873,82,38.9,28.3,6.3,5.4,1.8,0.5,0.459,0.361,0.84,13.8,0.208,Y,24.2,0.576,0.246,0.439,3.4,14.1,9.0,23.9,2.4,0.9,11.3,31.4,9.5,4.3,5.2,0.6,5.8,6.3,0.6951219512195121,1,3.2,9.7
272,2008,Chris Paul,NOH,0.71,80,37.6,21.1,4.0,11.6,2.7,0.1,0.488,0.369,0.851,17.8,0.284,N,28.3,0.576,0.193,0.302,2.4,10.3,6.2,52.2,3.9,0.1,12.1,25.7,13.2,4.6,7.2,3.2,10.4,9.3,0.6829268292682927,2,2.6,10.0
273,2008,Kevin Garnett,BOS,0.532,71,32.8,18.8,9.2,3.4,1.4,1.3,0.539,0.0,0.801,12.9,0.265,N,25.3,0.588,0.011,0.339,7.3,25.1,16.8,19.9,2.3,3.1,10.8,25.5,6.6,6.2,4.7,3.5,8.2,6.0,0.8048780487804879,1,5.0,12.4
274,2008,LeBron James,CLE,0.348,75,40.4,30.0,7.9,7.2,1.8,1.1,0.484,0.315,0.712,15.2,0.242,N,29.1,0.568,0.219,0.47,4.9,17.8,11.1,37.3,2.4,2.1,11.4,33.5,10.7,4.6,8.2,2.6,10.9,9.8,0.5487804878048781,4,0.9,6.1
275,2008,Dwight Howard,ORL,0.048,82,37.7,20.7,14.2,1.3,0.9,2.1,0.599,0.0,0.59,12.9,0.2,N,22.9,0.619,0.004,0.921,10.9,31.6,21.7,6.1,1.2,4.2,16.1,24.2,6.4,6.4,1.6,1.2,2.8,3.7,0.6341463414634146,3,4.0,9.8
276,2008,Amar'e Stoudemire,PHO,0.021,79,33.9,25.2,9.1,1.5,0.8,2.1,0.59,0.161,0.805,14.6,0.262,N,27.6,0.656,0.026,0.571,8.2,21.1,15.2,7.5,1.2,4.0,10.3,28.2,10.9,3.8,4.2,0.6,4.8,4.6,0.6707317073170732,4,4.2,10.5
277,2008,Tim Duncan,SAS,0.02,78,34.0,19.3,11.3,2.8,0.7,1.9,0.497,0.0,0.73,11.1,0.201,N,24.4,0.546,0.003,0.393,10.7,28.3,19.6,15.7,1.1,4.3,11.4,28.2,4.9,6.2,3.0,2.2,5.2,4.8,0.6829268292682927,2,6.0,11.1
278,2008,Tracy McGrady,HOU,0.015,66,37.0,21.6,5.1,5.9,1.0,0.5,0.419,0.292,0.684,5.8,0.115,N,18.4,0.487,0.226,0.274,2.0,13.5,7.8,29.6,1.5,0.9,9.8,30.4,2.0,3.8,2.4,0.5,2.9,3.1,0.6707317073170732,4,2.9,
279,2008,Steve Nash,PHO,0.014,81,34.3,16.9,3.5,11.1,0.7,0.1,0.504,0.47,0.906,10.5,0.181,N,21.1,0.641,0.396,0.255,1.2,9.6,5.7,47.3,0.9,0.1,21.6,22.0,9.0,1.4,5.8,-1.8,3.9,4.2,0.6707317073170732,4,4.6,14.6
280,2008,Manu GinÃ³bili,SAS,0.007,74,31.1,19.5,4.8,4.5,1.5,0.4,0.46,0.401,0.86,11.1,0.232,N,24.3,0.612,0.395,0.449,3.3,14.7,9.1,26.4,2.6,1.1,14.5,28.7,6.6,4.5,5.6,2.7,8.3,6.0,0.6829268292682927,2,4.8,11.1
281,2009,LeBron James,CLE,0.969,81,37.7,28.4,7.6,7.2,1.7,1.1,0.489,0.344,0.78,20.3,0.318,Y,31.7,0.591,0.238,0.472,4.3,19.0,11.9,38.0,2.4,2.4,11.0,33.8,13.7,6.5,9.5,3.7,13.2,11.8,0.8048780487804879,1,3.1,9.8
282,2009,Kobe Bryant,LAL,0.577,82,36.1,26.8,5.2,4.9,1.5,0.5,0.467,0.351,0.856,12.7,0.206,N,24.4,0.561,0.196,0.329,3.5,12.8,8.2,23.8,2.1,1.0,9.7,32.2,8.6,4.0,5.6,0.3,5.9,5.9,0.7926829268292683,1,5.0,13.9
283,2009,Dwyane Wade,MIA,0.562,79,38.6,30.2,5.0,7.5,2.2,1.3,0.491,0.317,0.765,14.7,0.232,N,30.4,0.574,0.16,0.443,3.5,12.2,7.8,40.3,3.0,2.8,11.6,36.2,10.3,4.4,8.2,2.4,10.6,9.6,0.524390243902439,5,1.0,5.7
284,2009,Dwight Howard,ORL,0.271,79,35.7,20.6,13.8,1.4,1.0,2.9,0.572,0.0,0.594,13.8,0.234,N,25.4,0.6,0.002,0.867,13.8,29.5,21.8,7.3,1.4,5.9,15.1,26.1,6.2,7.6,2.1,2.4,4.5,4.7,0.7195121951219512,3,4.1,9.5
285,2009,Chris Paul,NOH,0.159,78,38.5,22.8,5.5,11.0,2.8,0.1,0.503,0.364,0.868,18.3,0.292,N,30.0,0.599,0.14,0.418,2.8,14.6,8.7,54.5,3.9,0.3,13.5,27.5,13.3,5.0,7.2,3.8,11.0,9.9,0.5975609756097561,7,2.0,7.8
287,2009,Chauncey Billups,TOT,0.027,79,35.3,17.7,3.0,6.4,1.2,0.2,0.418,0.408,0.913,10.1,0.174,N,18.8,0.595,0.407,0.467,1.4,8.2,4.9,28.8,1.7,0.5,13.0,21.8,7.8,2.1,3.9,-0.5,3.4,3.7,0.6585365853658537,2,2.6,9.3
288,2009,Paul Pierce,BOS,0.017,81,37.5,20.5,5.6,3.6,1.0,0.3,0.457,0.391,0.83,10.3,0.164,N,17.7,0.582,0.257,0.468,2.4,15.4,9.2,16.3,1.4,0.7,13.8,25.4,5.5,4.8,2.4,0.7,3.1,3.9,0.7560975609756098,2,4.3,11.1
289,2009,Tony Parker,SAS,0.007,72,34.1,22.0,3.1,6.9,0.9,0.1,0.506,0.292,0.782,8.6,0.168,N,23.4,0.556,0.051,0.287,1.3,9.4,5.4,40.1,1.5,0.1,11.6,31.7,5.6,3.0,3.8,-0.2,3.6,3.5,0.6585365853658537,2,4.7,10.1
290,2009,Brandon Roy,POR,0.006,78,37.2,22.6,4.7,5.1,1.1,0.3,0.48,0.377,0.824,13.5,0.223,N,24.0,0.573,0.167,0.383,4.4,11.6,7.9,25.4,1.7,0.6,9.0,27.4,10.9,2.6,6.0,0.1,6.2,6.0,0.6585365853658537,2,2.5,9.5
291,2009,Dirk Nowitzki,DAL,0.002,81,37.7,25.9,8.4,2.4,0.8,0.8,0.479,0.359,0.89,10.9,0.171,N,23.1,0.564,0.105,0.337,3.3,22.1,12.8,12.1,1.0,1.5,7.8,30.3,7.5,3.4,3.7,-0.3,3.4,4.2,0.6097560975609756,6,4.0,8.5
292,2010,LeBron James,CLE,0.98,76,39.0,29.7,7.3,8.6,1.6,1.0,0.503,0.333,0.767,18.5,0.299,Y,31.1,0.604,0.253,0.506,3.0,18.5,11.1,41.8,2.2,2.0,12.3,33.5,13.3,5.2,9.1,2.8,11.8,10.3,0.7439024390243902,1,2.3,8.1
293,2010,Kevin Durant,OKC,0.495,82,39.5,30.1,7.6,2.8,1.4,1.0,0.476,0.365,0.9,16.1,0.238,N,26.2,0.607,0.21,0.504,3.8,17.9,11.0,13.5,1.8,1.9,11.7,32.0,11.1,5.0,6.3,0.8,7.1,7.5,0.6097560975609756,6,2.3,6.6
294,2010,Kobe Bryant,LAL,0.487,73,38.8,27.0,5.4,5.0,1.5,0.3,0.456,0.329,0.811,9.4,0.16,N,21.9,0.545,0.192,0.345,3.1,12.2,7.7,23.8,2.1,0.5,11.4,32.3,5.4,4.0,3.9,0.2,4.1,4.4,0.6951219512195121,1,4.2,11.0
295,2010,Dwight Howard,ORL,0.389,82,34.7,18.3,13.2,1.8,0.9,2.8,0.612,0.0,0.592,13.2,0.223,N,24.0,0.63,0.008,0.978,12.0,31.3,22.0,8.7,1.4,6.0,18.7,23.9,6.1,7.1,1.6,2.8,4.4,4.6,0.7195121951219512,2,2.3,7.4
296,2010,Dwyane Wade,MIA,0.097,77,36.3,26.6,4.8,6.5,1.8,1.1,0.476,0.3,0.761,13.0,0.224,N,28.0,0.562,0.161,0.465,4.5,11.1,7.8,36.4,2.7,2.4,12.2,34.9,8.5,4.6,7.1,2.1,9.2,7.9,0.573170731707317,5,1.7,6.0
297,2010,Carmelo Anthony,DEN,0.053,69,38.2,28.2,6.6,3.2,1.3,0.4,0.458,0.316,0.83,7.9,0.145,N,22.2,0.548,0.125,0.407,6.7,13.1,9.9,15.9,1.7,0.9,10.6,33.4,5.6,2.4,3.5,-1.2,2.3,2.9,0.6463414634146342,4,3.6,10.8
298,2010,Dirk Nowitzki,DAL,0.045,81,37.5,25.0,7.7,2.7,0.9,1.0,0.481,0.421,0.915,12.3,0.194,N,22.9,0.578,0.081,0.392,3.1,20.1,11.7,13.0,1.2,2.0,7.8,28.8,8.4,3.9,3.7,0.5,4.2,4.7,0.6707317073170732,2,4.5,8.9
299,2010,Steve Nash,PHO,0.04,81,32.8,16.5,3.3,11.0,0.5,0.1,0.507,0.426,0.938,9.9,0.178,N,21.6,0.615,0.295,0.228,1.5,9.4,5.7,50.9,0.8,0.3,21.4,22.9,9.1,0.8,6.1,-1.8,4.3,4.2,0.6585365853658537,3,2.6,10.7
300,2010,Deron Williams,UTA,0.006,76,36.9,18.7,4.0,10.5,1.3,0.2,0.469,0.371,0.801,10.3,0.177,N,20.6,0.574,0.246,0.397,2.2,10.4,6.4,44.5,1.8,0.5,16.9,23.8,7.4,3.0,4.2,-0.4,3.8,4.1,0.6463414634146342,4,3.7,9.9
301,2011,Derrick Rose,CHI,0.977,81,37.4,25.0,4.1,7.7,1.0,0.6,0.445,0.332,0.858,13.1,0.208,Y,23.5,0.55,0.241,0.348,3.2,9.4,6.4,38.7,1.5,1.3,13.1,32.2,8.3,4.8,6.3,0.5,6.8,6.7,0.7560975609756098,1,3.0,9.9
302,2011,Dwight Howard,ORL,0.531,78,37.6,22.9,14.1,1.4,1.4,2.4,0.593,0.0,0.596,14.4,0.235,N,26.1,0.616,0.007,0.877,12.6,30.6,21.8,6.8,1.9,4.9,16.2,27.2,6.7,7.7,2.9,2.4,5.3,5.4,0.6341463414634146,4,2.4,6.6
303,2011,LeBron James,MIA,0.431,79,38.8,26.7,7.5,7.0,1.6,0.6,0.51,0.33,0.759,15.6,0.244,N,27.3,0.594,0.188,0.446,3.3,18.7,11.4,34.9,2.1,1.3,13.8,31.5,10.3,5.3,6.3,1.8,8.1,7.8,0.7073170731707317,2,6.1,12.8
304,2011,Kobe Bryant,LAL,0.354,82,33.9,25.3,5.1,4.7,1.2,0.1,0.451,0.323,0.828,10.3,0.178,N,23.9,0.548,0.217,0.356,3.5,13.3,8.5,26.7,1.9,0.3,11.4,35.1,6.8,3.5,5.4,-0.2,5.2,5.0,0.6951219512195121,2,5.2,14.7
305,2011,Kevin Durant,OKC,0.157,78,38.9,27.7,6.8,2.7,1.1,1.0,0.462,0.35,0.88,12.0,0.189,N,23.6,0.589,0.269,0.439,2.3,17.7,10.3,13.2,1.5,1.8,10.6,30.6,8.6,3.3,5.2,-0.3,4.9,5.3,0.6707317073170732,4,4.4,9.4
306,2011,Dirk Nowitzki,DAL,0.093,73,34.3,23.0,7.0,2.6,0.5,0.6,0.517,0.393,0.892,11.1,0.213,N,23.4,0.612,0.142,0.376,2.4,20.8,12.0,14.2,0.8,1.4,9.1,28.2,7.8,3.3,4.3,0.8,5.1,4.5,0.6951219512195121,2,3.3,9.4
307,2011,Dwyane Wade,MIA,0.02,76,37.1,25.5,6.4,4.6,1.5,1.1,0.5,0.306,0.758,12.8,0.218,N,25.6,0.581,0.149,0.471,5.5,14.4,10.2,23.5,2.1,2.4,12.4,31.6,8.1,4.7,5.5,1.1,6.6,6.1,0.7073170731707317,2,7.8,15.6
308,2011,Manu GinÃ³bili,SAS,0.017,80,30.3,17.4,3.7,4.9,1.5,0.4,0.433,0.349,0.871,9.9,0.195,N,21.7,0.581,0.433,0.403,2.1,11.8,7.1,26.4,2.6,0.8,12.7,26.0,6.6,3.2,4.1,1.3,5.4,4.5,0.7439024390243902,1,3.5,8.2
309,2011,Amar'e Stoudemire,NYK,0.007,78,36.8,25.3,8.2,2.6,0.9,1.9,0.502,0.435,0.792,8.0,0.134,N,22.7,0.565,0.016,0.403,7.8,17.6,12.7,13.2,1.2,3.8,12.5,30.9,5.4,2.6,2.0,-0.6,1.4,2.4,0.5121951219512195,6,1.4,5.3
310,2011,Blake Griffin,LAC,0.004,82,38.0,22.5,12.1,3.8,0.8,0.5,0.506,0.292,0.642,9.8,0.152,N,21.9,0.549,0.017,0.505,10.2,26.9,18.6,18.7,1.0,1.1,11.7,27.3,6.5,3.4,3.0,-0.3,2.6,3.6,0.3902439024390244,13,2.2,5.3
311,2012,LeBron James,MIA,0.888,62,37.5,27.1,7.9,6.2,1.9,0.8,0.531,0.362,0.771,14.5,0.298,Y,30.7,0.605,0.127,0.429,5.0,19.7,12.6,33.6,2.6,1.7,13.3,32.0,10.0,4.5,8.2,2.7,10.9,7.6,0.696969696969697,2,4.0,7.7
312,2012,Kevin Durant,OKC,0.735,66,38.6,28.0,8.0,3.5,1.3,1.2,0.496,0.387,0.86,12.2,0.23,N,26.2,0.61,0.265,0.386,1.9,20.4,11.8,17.5,1.8,2.2,14.0,31.3,8.5,3.7,6.2,0.8,7.0,5.8,0.7121212121212122,2,3.1,9.3
313,2012,Chris Paul,LAC,0.318,60,36.4,19.8,3.6,9.1,2.5,0.1,0.478,0.371,0.861,12.7,0.278,N,27.0,0.581,0.239,0.339,2.3,9.4,5.8,43.8,3.8,0.2,10.8,24.3,10.4,2.3,6.7,2.4,9.2,6.1,0.6060606060606061,5,3.4,9.2
314,2012,Kobe Bryant,LAL,0.291,58,38.5,27.9,5.4,4.6,1.2,0.3,0.43,0.303,0.845,6.2,0.132,N,21.9,0.527,0.215,0.338,3.5,11.8,7.8,23.7,1.6,0.6,11.7,35.7,4.2,2.0,4.2,-0.9,3.3,2.9,0.6212121212121212,3,3.3,8.3
315,2012,Tony Parker,SAS,0.274,60,32.1,18.3,2.9,7.7,1.0,0.1,0.48,0.23,0.799,7.1,0.177,N,22.0,0.539,0.069,0.319,1.3,8.7,5.1,40.3,1.5,0.2,13.1,27.7,5.5,1.6,3.6,-0.9,2.7,2.3,0.7575757575757576,1,2.2,5.9
316,2012,Kevin Love,MIN,0.048,55,39.0,26.0,13.3,2.0,0.9,0.5,0.448,0.372,0.824,10.0,0.223,N,25.4,0.568,0.266,0.434,11.6,26.4,19.0,10.0,1.1,0.9,9.2,28.8,7.6,2.3,6.1,-0.9,5.2,3.9,0.3939393939393939,12,1.1,4.5
317,2012,Dwight Howard,ORL,0.011,54,38.3,20.6,14.5,1.9,1.5,2.1,0.573,0.0,0.491,7.7,0.179,N,24.2,0.569,0.01,0.788,11.0,33.1,21.9,9.8,2.1,4.4,15.2,26.1,3.3,4.4,2.2,2.0,4.3,3.3,0.5606060606060606,6,3.0,8.9
318,2012,Rajon Rondo,BOS,0.01,53,36.9,11.9,4.8,11.7,1.8,0.1,0.448,0.238,0.597,4.9,0.121,N,17.5,0.483,0.073,0.316,3.9,11.2,7.7,52.5,2.6,0.1,22.8,20.7,1.5,3.4,1.5,0.6,2.2,2.1,0.5909090909090909,5,3.2,7.0
319,2012,Steve Nash,PHO,0.006,62,31.6,12.5,3.0,10.7,0.6,0.1,0.532,0.39,0.894,5.9,0.144,N,20.3,0.625,0.254,0.256,1.5,9.1,5.3,53.1,1.0,0.3,27.1,19.6,5.2,0.6,4.7,-1.2,3.4,2.7,0.5,10,2.3,7.6
320,2012,Dwyane Wade,MIA,0.005,49,33.2,22.1,4.8,4.6,1.7,1.3,0.497,0.268,0.791,7.7,0.227,N,26.3,0.559,0.067,0.355,5.6,11.6,8.7,27.3,2.7,3.1,11.8,31.3,4.8,2.9,6.0,1.9,7.9,4.0,0.696969696969697,2,7.6,14.5
321,2013,LeBron James,MIA,0.998,76,37.9,26.8,8.0,7.3,1.7,0.9,0.565,0.406,0.753,19.3,0.322,Y,31.6,0.64,0.188,0.395,4.4,20.8,13.1,36.4,2.4,1.9,12.4,30.2,14.6,4.7,9.3,2.4,11.7,9.9,0.8048780487804879,1,3.8,9.6
322,2013,Kevin Durant,OKC,0.632,81,38.5,28.1,7.9,4.6,1.4,1.3,0.51,0.416,0.905,18.9,0.291,N,28.3,0.647,0.233,0.523,1.8,20.3,11.8,21.7,1.9,2.6,13.7,29.8,13.6,5.3,7.6,1.7,9.3,8.9,0.7317073170731707,1,4.6,11.6
323,2013,Carmelo Anthony,NYK,0.393,67,37.0,28.7,6.9,2.6,0.8,0.5,0.449,0.379,0.83,9.5,0.184,N,24.8,0.56,0.278,0.344,6.1,15.9,10.8,14.1,1.1,1.1,9.3,35.6,7.5,2.0,6.0,-1.7,4.3,3.9,0.6585365853658537,2,2.7,9.3
324,2013,Chris Paul,LAC,0.239,70,33.4,16.9,3.7,9.7,2.4,0.1,0.481,0.328,0.885,13.9,0.287,N,26.4,0.594,0.271,0.377,2.8,10.5,6.7,46.5,3.8,0.4,13.7,22.6,10.6,3.4,6.4,2.4,8.8,6.4,0.6829268292682927,4,4.0,10.6
325,2013,Kobe Bryant,LAL,0.152,78,38.6,27.3,5.6,6.0,1.4,0.3,0.463,0.324,0.839,10.9,0.174,N,23.0,0.57,0.255,0.392,2.5,13.1,7.9,29.7,1.8,0.6,13.3,31.9,8.4,2.6,4.7,-0.1,4.6,5.0,0.5487804878048781,7,1.8,7.6
326,2013,Tony Parker,SAS,0.071,66,32.9,20.3,3.0,7.6,0.8,0.1,0.522,0.353,0.845,9.3,0.206,N,23.0,0.588,0.068,0.332,1.0,9.1,5.3,40.4,1.3,0.2,13.0,27.7,7.1,2.3,4.1,-0.5,3.6,3.1,0.7073170731707317,2,3.8,8.3
327,2013,Tim Duncan,SAS,0.054,69,30.1,17.8,9.9,2.7,0.7,2.7,0.502,0.286,0.817,8.3,0.191,N,24.4,0.554,0.007,0.307,7.3,29.6,19.1,15.5,1.2,6.4,11.7,27.8,3.4,4.9,2.4,2.9,5.3,3.8,0.7073170731707317,2,3.1,9.3
328,2013,James Harden,HOU,0.027,78,38.3,25.9,4.9,5.8,1.8,0.5,0.438,0.368,0.851,12.8,0.206,N,22.9,0.6,0.364,0.592,2.4,11.9,7.2,25.7,2.4,1.0,14.9,29.0,9.8,3.0,5.2,0.5,5.6,5.8,0.5487804878048781,7,2.8,7.0
329,2013,Russell Westbrook,OKC,0.007,82,34.9,23.2,5.2,7.4,1.8,0.3,0.438,0.323,0.8,11.6,0.195,N,23.9,0.532,0.195,0.375,4.8,11.8,8.6,38.4,2.6,0.6,13.2,32.8,7.7,3.9,4.6,-0.2,4.4,4.6,0.7317073170731707,1,8.9,18.9
330,2013,Dwyane Wade,MIA,0.004,69,34.7,21.2,5.0,5.1,1.9,0.8,0.521,0.258,0.725,9.6,0.192,N,24.0,0.571,0.06,0.389,4.7,12.6,8.9,26.6,2.8,1.9,13.2,29.5,6.1,3.5,3.7,0.7,4.4,3.8,0.8048780487804879,1,9.9,19.3
331,2014,Kevin Durant,OKC,0.986,81,38.5,32.0,7.4,5.5,1.3,0.7,0.503,0.391,0.873,19.2,0.295,Y,29.8,0.635,0.291,0.477,2.2,18.6,10.8,26.7,1.7,1.5,12.2,33.0,14.8,4.4,8.8,1.4,10.2,9.6,0.7195121951219512,2,2.7,9.6
332,2014,LeBron James,MIA,0.713,77,37.7,27.1,6.9,6.3,1.6,0.3,0.567,0.379,0.75,15.9,0.264,N,29.3,0.649,0.226,0.432,3.6,18.9,11.5,32.0,2.2,0.8,14.4,31.0,12.3,3.7,7.8,1.1,8.8,7.9,0.6585365853658537,2,2.2,8.0
333,2014,Blake Griffin,LAC,0.347,80,35.8,24.1,9.5,3.9,1.2,0.6,0.528,0.273,0.715,12.2,0.205,N,23.9,0.583,0.032,0.496,7.7,21.2,14.7,19.2,1.6,1.4,11.9,29.0,8.1,4.1,3.8,0.7,4.5,4.7,0.6951219512195121,3,5.8,12.2
334,2014,Joakim Noah,CHI,0.258,80,35.3,12.6,11.3,5.4,1.2,1.5,0.475,0.0,0.737,11.2,0.19,N,20.0,0.531,0.003,0.419,11.6,24.5,18.2,26.4,1.9,3.3,17.0,18.7,4.5,6.6,1.7,3.6,5.3,5.2,0.5853658536585366,3,2.0,7.1
335,2014,James Harden,HOU,0.068,73,38.0,25.4,4.7,6.1,1.6,0.4,0.456,0.366,0.866,12.8,0.221,N,23.5,0.618,0.401,0.552,2.6,10.7,6.9,27.3,2.1,0.8,15.0,27.8,10.1,2.7,5.4,0.2,5.6,5.3,0.6585365853658537,4,2.6,8.0
336,2014,Stephen Curry,GSW,0.053,78,36.5,24.0,4.3,8.5,1.6,0.2,0.471,0.424,0.885,13.4,0.225,N,24.1,0.61,0.445,0.252,1.8,10.9,6.4,39.9,2.2,0.4,16.1,28.3,9.3,4.0,6.3,1.1,7.4,6.7,0.6219512195121951,6,2.2,7.6
337,2014,Chris Paul,LAC,0.036,62,35.0,19.1,4.3,10.7,2.5,0.1,0.467,0.368,0.855,12.2,0.27,N,25.9,0.58,0.244,0.397,2.0,11.4,6.9,48.9,3.5,0.1,12.4,23.7,9.0,3.2,6.0,2.6,8.6,5.8,0.6951219512195121,3,4.7,12.2
338,2014,Al Jefferson,CHA,0.027,73,35.0,21.8,10.8,2.1,0.9,1.1,0.509,0.2,0.69,7.8,0.146,N,22.7,0.532,0.011,0.201,6.9,28.3,17.5,12.8,1.4,2.4,7.6,29.3,3.1,4.7,2.2,0.5,2.7,3.0,0.524390243902439,7,2.4,6.5
339,2014,Paul George,IND,0.026,80,36.2,21.7,6.8,3.5,1.9,0.3,0.424,0.364,0.864,10.8,0.178,N,20.1,0.555,0.367,0.341,2.6,17.7,10.5,17.9,2.7,0.6,12.5,28.3,4.4,6.4,2.7,2.1,4.9,5.0,0.6829268292682927,1,2.9,8.1
340,2014,LaMarcus Aldridge,POR,0.021,69,36.2,23.2,11.1,2.6,0.9,1.0,0.458,0.2,0.822,7.5,0.144,N,21.8,0.507,0.011,0.253,7.2,25.5,16.5,13.0,1.3,1.9,7.2,29.8,4.0,3.5,2.3,0.1,2.3,2.7,0.6585365853658537,4,4.0,
341,2015,Stephen Curry,GSW,0.922,80,32.7,23.8,4.3,7.7,2.0,0.2,0.487,0.443,0.914,15.7,0.288,Y,28.0,0.638,0.482,0.251,2.4,11.4,7.0,38.6,3.0,0.5,14.3,28.9,11.5,4.1,8.2,1.7,9.9,7.9,0.8170731707317073,1,4.0,8.8
342,2015,James Harden,HOU,0.72,81,36.8,27.4,5.7,7.0,1.9,0.7,0.44,0.375,0.868,16.4,0.265,N,26.7,0.605,0.378,0.561,2.8,14.2,8.5,34.6,2.6,1.6,14.9,31.3,12.2,4.2,7.0,1.8,8.8,8.1,0.6829268292682927,2,2.2,6.6
343,2015,LeBron James,CLE,0.425,69,36.1,25.3,6.0,7.4,1.6,0.7,0.488,0.354,0.71,10.4,0.199,N,25.9,0.577,0.265,0.413,2.4,16.6,9.6,38.6,2.3,1.6,15.3,32.3,7.4,2.9,6.1,1.0,7.1,5.7,0.6463414634146342,2,4.2,10.4
344,2015,Russell Westbrook,OKC,0.271,67,34.4,28.1,7.3,8.6,2.1,0.2,0.426,0.299,0.835,10.6,0.222,N,29.1,0.536,0.196,0.445,5.9,16.7,11.4,47.0,3.0,0.5,14.3,38.4,7.5,3.2,6.9,1.2,8.1,5.8,0.5487804878048781,8,2.8,5.7
345,2015,Anthony Davis,NOP,0.156,68,36.1,24.4,10.2,2.2,1.5,2.9,0.535,0.083,0.805,14.0,0.274,N,30.8,0.591,0.01,0.384,8.0,24.1,16.1,11.6,2.1,6.2,6.3,27.8,9.9,4.2,6.6,2.3,8.9,6.7,0.5487804878048781,8,2.2,5.0
346,2015,Chris Paul,LAC,0.095,82,34.8,19.1,4.6,10.2,1.9,0.2,0.485,0.398,0.9,16.1,0.27,N,26.0,0.596,0.298,0.274,2.1,12.5,7.4,47.4,2.8,0.4,12.7,23.7,12.9,3.2,6.4,1.6,8.0,7.2,0.6829268292682927,2,3.6,12.8
347,2015,LaMarcus Aldridge,POR,0.005,71,35.4,23.4,10.2,1.7,0.7,1.0,0.466,0.352,0.845,8.6,0.165,N,22.8,0.528,0.074,0.256,7.7,22.9,15.5,9.2,1.0,1.9,7.2,30.2,4.9,3.7,3.2,-0.3,2.9,3.1,0.6219512195121951,6,4.9,10.6
348,2015,Marc Gasol,MEM,0.002,81,33.2,17.4,7.8,3.8,0.9,1.6,0.494,0.176,0.795,10.2,0.182,N,21.7,0.558,0.016,0.41,4.9,21.8,13.4,19.7,1.4,4.0,12.2,24.6,5.5,4.7,2.7,2.4,5.1,4.8,0.6707317073170732,4,2.7,7.2
349,2015,Blake Griffin,LAC,0.002,67,35.2,21.9,7.6,5.3,0.9,0.5,0.502,0.4,0.728,9.0,0.183,N,22.8,0.551,0.022,0.373,6.1,17.9,12.1,26.2,1.4,1.2,10.2,28.4,6.6,2.4,3.8,0.2,4.0,3.6,0.6829268292682927,2,7.2,16.1
350,2015,Tim Duncan,SAS,0.001,77,28.9,13.9,9.1,3.0,0.8,2.0,0.512,0.286,0.74,9.6,0.207,N,22.6,0.56,0.009,0.38,8.8,26.7,17.9,16.8,1.4,5.1,12.1,22.2,4.9,4.7,2.3,2.8,5.1,4.0,0.6707317073170732,4,4.1,8.6
351,2016,Stephen Curry,GSW,1.0,79,34.2,30.1,5.4,6.7,2.1,0.2,0.504,0.454,0.908,17.9,0.318,Y,31.5,0.669,0.554,0.25,2.9,13.6,8.6,33.7,3.0,0.4,12.9,32.6,13.8,4.1,10.3,1.6,11.9,9.5,0.8902439024390244,1,5.3,11.1
352,2016,Kawhi Leonard,SAS,0.484,72,33.1,21.2,6.8,2.6,1.8,1.0,0.506,0.443,0.874,13.7,0.277,N,26.0,0.616,0.267,0.306,4.7,18.4,11.8,13.0,2.8,2.3,7.8,25.8,8.3,5.5,6.1,3.0,9.1,6.7,0.8170731707317073,2,2.5,10.1
353,2016,LeBron James,CLE,0.482,76,35.6,25.3,7.4,6.8,1.4,0.6,0.52,0.309,0.731,13.6,0.242,N,27.5,0.588,0.199,0.347,4.7,18.8,11.8,36.0,2.0,1.5,13.2,31.4,9.6,4.0,7.0,2.0,9.0,7.5,0.6951219512195121,1,3.3,8.7
354,2016,Russell Westbrook,OKC,0.371,80,34.4,23.5,7.8,10.4,2.0,0.3,0.454,0.296,0.812,14.0,0.245,N,27.6,0.554,0.236,0.397,6.1,18.1,12.4,49.6,2.9,0.6,16.8,31.6,10.0,4.0,6.4,1.4,7.8,6.8,0.6707317073170732,3,7.8,14.5
355,2016,Kevin Durant,OKC,0.112,72,35.8,28.2,8.2,5.0,1.0,1.2,0.505,0.387,0.898,14.5,0.27,N,28.2,0.634,0.348,0.361,2.0,21.8,12.4,24.2,1.3,2.5,13.5,30.6,11.0,3.5,8.4,1.6,9.9,7.8,0.6707317073170732,3,6.8,14.0
356,2016,Chris Paul,LAC,0.082,74,32.7,19.5,4.2,10.0,2.1,0.2,0.462,0.371,0.896,12.7,0.253,N,26.2,0.575,0.295,0.294,1.8,12.0,7.0,52.7,3.1,0.4,13.4,27.1,9.2,3.5,5.9,2.0,7.9,6.0,0.6463414634146342,4,3.2,11.5
357,2016,Draymond Green,GSW,0.038,81,34.7,14.0,9.5,7.4,1.5,1.4,0.49,0.388,0.696,11.1,0.19,N,19.3,0.587,0.315,0.402,5.5,23.0,14.7,29.0,2.0,3.0,21.2,18.8,6.0,5.1,2.6,2.9,5.5,5.3,0.8902439024390244,1,9.5,17.9
358,2016,Damian Lillard,POR,0.02,75,35.7,25.1,4.0,6.8,0.9,0.4,0.419,0.375,0.892,9.2,0.165,N,22.2,0.56,0.414,0.315,1.8,10.4,6.1,33.6,1.2,0.8,12.6,31.3,7.7,1.4,5.7,-1.3,4.4,4.3,0.5365853658536586,5,2.3,6.7
359,2016,James Harden,HOU,0.007,82,38.1,29.0,6.1,7.5,1.7,0.6,0.439,0.359,0.86,13.3,0.204,N,25.3,0.598,0.406,0.518,2.2,15.6,8.8,35.4,2.2,1.4,15.9,32.5,10.7,2.6,6.4,0.2,6.6,6.8,0.5,8,1.7,6.6
360,2016,Kyle Lowry,TOR,0.005,77,37.0,21.2,4.7,6.4,2.1,0.4,0.427,0.388,0.811,11.6,0.196,N,22.2,0.578,0.457,0.41,2.2,12.3,7.3,29.9,2.9,1.0,13.7,26.1,8.0,3.7,4.7,1.1,5.8,5.7,0.6829268292682927,2,3.2,9.9
361,2017,Russell Westbrook,OKC,0.879,81,34.6,31.6,10.7,10.4,1.6,0.4,0.425,0.343,0.845,13.1,0.224,Y,30.6,0.554,0.3,0.433,5.4,28.8,17.1,57.3,2.3,0.9,15.9,41.7,8.5,4.6,8.7,2.4,11.1,9.3,0.573170731707317,6,1.4,6.5
362,2017,James Harden,HOU,0.746,81,36.4,29.1,8.1,11.2,1.5,0.5,0.44,0.347,0.847,15.0,0.245,N,27.4,0.613,0.493,0.575,3.5,20.9,12.2,50.7,2.0,1.0,19.5,34.2,11.5,3.6,7.5,1.2,8.7,8.0,0.6707317073170732,3,2.1,6.0
363,2017,Kawhi Leonard,SAS,0.495,74,33.4,25.5,5.8,3.5,1.8,0.7,0.485,0.38,0.88,13.6,0.264,N,27.6,0.61,0.295,0.406,3.7,15.7,9.8,18.9,2.7,1.8,9.1,31.1,8.9,4.7,7.1,2.2,9.4,7.1,0.7439024390243902,2,2.5,7.2
364,2017,LeBron James,CLE,0.33,74,37.8,26.4,8.6,8.7,1.2,0.6,0.548,0.363,0.674,12.9,0.221,N,27.0,0.619,0.254,0.395,4.0,20.7,12.6,41.3,1.6,1.3,16.1,30.0,9.8,3.0,6.4,1.2,7.6,6.7,0.6219512195121951,2,3.4,8.9
365,2017,Isaiah Thomas,BOS,0.08,76,33.8,28.9,2.7,5.9,0.9,0.2,0.463,0.379,0.909,12.5,0.234,N,26.5,0.625,0.439,0.441,1.9,7.0,4.4,32.5,1.4,0.4,10.7,34.0,10.9,1.6,7.8,-1.1,6.7,5.6,0.6463414634146342,1,3.0,6.7
366,2017,Stephen Curry,GSW,0.051,79,33.4,25.3,4.5,6.6,1.8,0.2,0.468,0.411,0.898,12.6,0.229,N,24.6,0.624,0.547,0.251,2.7,11.4,7.3,31.2,2.6,0.5,13.0,30.1,8.7,3.9,6.7,0.3,6.9,5.9,0.8170731707317073,1,5.7,12.0
367,2017,Giannis Antetokounmpo,MIL,0.007,80,35.6,22.9,8.8,5.4,1.6,1.9,0.521,0.272,0.77,12.4,0.21,N,26.1,0.599,0.143,0.486,5.9,22.6,14.3,26.6,2.3,4.7,13.3,28.3,7.9,4.5,4.9,2.4,7.3,6.7,0.5121951219512195,6,1.7,5.6
368,2017,John Wall,WAS,0.007,78,36.4,23.1,4.2,10.7,2.0,0.6,0.451,0.327,0.801,8.8,0.149,N,23.2,0.541,0.19,0.367,2.4,10.6,6.5,46.9,2.7,1.4,16.2,30.6,5.8,3.0,4.6,0.1,4.7,4.8,0.5975609756097561,4,3.5,9.4
369,2017,Anthony Davis,NOP,0.002,75,36.1,28.0,11.8,2.1,1.3,2.2,0.505,0.299,0.802,11.0,0.195,N,27.5,0.58,0.088,0.424,6.7,27.9,17.2,11.1,1.7,5.1,9.1,32.6,5.9,5.1,4.4,1.4,5.9,5.4,0.4146341463414634,10,1.8,3.8
370,2017,Kevin Durant,GSW,0.002,62,33.4,25.1,8.3,4.8,1.1,1.6,0.537,0.375,0.875,12.0,0.278,N,27.6,0.651,0.304,0.374,2.2,23.6,13.6,23.1,1.5,3.8,10.4,27.8,8.0,4.0,6.7,2.2,8.9,5.7,0.8170731707317073,1,5.9,12.6
371,2018,James Harden,HOU,0.955,72,35.4,30.4,5.4,8.8,1.8,0.7,0.449,0.367,0.858,15.4,0.289,Y,29.8,0.619,0.498,0.502,1.8,15.2,8.6,45.1,2.4,1.7,15.1,36.1,11.6,3.8,8.5,1.4,9.9,7.7,0.7926829268292683,1,4.2,10.2
372,2018,LeBron James,CLE,0.731,82,36.9,27.5,8.6,9.1,1.4,0.9,0.542,0.367,0.731,14.0,0.221,N,28.6,0.621,0.257,0.336,3.7,22.3,13.1,44.4,1.9,2.0,16.1,31.6,11.0,3.0,7.3,1.4,8.7,8.2,0.6097560975609756,4,2.2,6.4
373,2018,Anthony Davis,NOP,0.441,75,36.4,28.1,11.1,2.3,1.5,2.6,0.534,0.34,0.828,13.7,0.241,N,28.9,0.612,0.111,0.409,7.7,24.8,16.5,10.8,2.0,5.6,8.6,30.0,8.8,4.9,5.3,1.4,6.7,5.9,0.5853658536585366,4,2.9,7.1
374,2018,Damian Lillard,POR,0.205,73,36.6,26.9,4.5,6.6,1.1,0.4,0.439,0.361,0.916,12.6,0.227,N,25.2,0.594,0.445,0.38,2.6,10.6,6.6,30.9,1.4,0.8,11.1,30.6,9.9,2.7,7.0,0.3,7.2,6.3,0.5975609756097561,3,2.4,6.6
375,2018,Russell Westbrook,OKC,0.075,80,36.4,25.4,10.1,10.3,1.8,0.3,0.449,0.298,0.737,10.1,0.166,N,24.7,0.524,0.193,0.336,5.6,25.7,15.3,49.8,2.5,0.6,16.4,34.1,5.5,4.5,4.8,1.5,6.3,6.1,0.5853658536585366,4,3.6,9.7
376,2018,Giannis Antetokounmpo,MIL,0.074,75,36.7,26.9,10.0,4.8,1.5,1.4,0.529,0.307,0.76,11.9,0.207,N,27.3,0.598,0.1,0.457,6.7,25.3,16.0,23.7,2.0,3.3,11.7,31.2,8.3,3.6,5.3,0.9,6.2,5.7,0.5365853658536586,6,2.7,6.9
377,2018,Kevin Durant,GSW,0.065,68,34.2,26.4,6.8,5.4,0.7,1.8,0.516,0.419,0.889,10.4,0.215,N,26.0,0.64,0.338,0.331,1.6,19.5,11.2,25.5,1.0,4.0,12.9,30.4,7.5,2.9,6.7,0.6,7.3,5.5,0.7073170731707317,2,4.0,9.1
378,2018,DeMar DeRozan,TOR,0.032,80,33.9,23.0,3.9,5.2,1.1,0.3,0.456,0.31,0.825,9.6,0.17,N,21.0,0.555,0.203,0.396,2.5,10.4,6.5,25.0,1.5,0.6,9.5,29.6,6.8,2.8,3.3,-0.6,2.8,3.2,0.7195121951219512,1,4.5,10.2
379,2018,LaMarcus Aldridge,SAS,0.006,75,33.5,23.1,8.5,2.0,0.6,1.2,0.51,0.293,0.837,10.9,0.209,N,25.0,0.57,0.068,0.296,10.8,17.3,14.0,11.3,0.9,3.0,6.8,29.1,7.4,3.5,4.3,-0.4,3.9,3.7,0.573170731707317,7,2.5,6.2
380,2018,Jimmy Butler,MIN,0.005,59,36.7,22.2,5.3,4.9,2.0,0.4,0.474,0.35,0.854,8.9,0.198,N,23.7,0.59,0.217,0.461,4.2,12.7,8.4,20.6,2.7,1.0,8.9,24.9,7.1,1.8,5.0,0.7,5.8,4.2,0.573170731707317,7,5.2,14.0
381,2019,Giannis Antetokounmpo,MIL,0.932,72,32.8,27.7,12.5,5.9,1.3,1.5,0.578,0.256,0.729,14.4,0.292,Y,30.9,0.644,0.163,0.55,7.3,30.0,19.3,30.3,1.8,3.9,14.8,32.3,8.9,5.5,6.3,4.1,10.4,7.4,0.7317073170731707,1,2.9,8.2
382,2019,James Harden,HOU,0.768,78,36.8,36.1,6.6,7.5,2.0,0.7,0.442,0.368,0.879,15.2,0.254,N,30.6,0.616,0.539,0.449,2.5,17.8,10.0,39.5,2.7,1.7,14.5,40.5,11.4,3.8,9.4,1.6,11.0,9.3,0.6463414634146342,3,2.8,10.8
383,2019,Paul George,OKC,0.352,77,36.9,28.0,8.2,4.1,2.2,0.4,0.438,0.386,0.839,11.9,0.201,N,23.3,0.583,0.469,0.335,3.7,19.6,11.4,17.7,2.8,1.0,10.0,29.5,7.0,4.9,5.6,1.6,7.2,6.6,0.5975609756097561,6,4.7,9.1
384,2019,Nikola JokiÄ‡,DEN,0.21,80,31.3,20.1,10.8,7.3,1.4,0.7,0.511,0.307,0.821,11.8,0.226,N,26.3,0.589,0.224,0.292,9.8,27.6,18.7,37.0,2.1,1.9,15.4,27.4,7.5,4.3,6.2,2.9,9.1,7.0,0.6585365853658537,2,1.8,6.2
385,2019,Stephen Curry,GSW,0.173,69,33.8,27.3,5.3,5.2,1.3,0.4,0.472,0.437,0.916,9.7,0.199,N,24.4,0.641,0.604,0.214,2.2,14.2,8.4,24.2,1.9,0.9,11.6,30.4,7.2,2.5,7.1,-0.5,6.6,5.1,0.6951219512195121,1,5.1,11.5
386,2019,Damian Lillard,POR,0.068,80,35.5,25.8,4.6,6.9,1.1,0.4,0.444,0.369,0.912,12.1,0.205,N,23.7,0.588,0.419,0.335,2.6,11.1,7.0,30.6,1.5,1.0,10.8,29.3,9.7,2.4,6.6,-0.3,6.4,6.0,0.6463414634146342,3,2.8,7.8
387,2019,Joel Embiid,PHI,0.049,64,33.7,27.5,13.6,3.7,0.7,1.9,0.484,0.3,0.804,8.7,0.194,N,26.1,0.593,0.219,0.541,8.1,34.0,21.4,18.4,1.0,4.4,13.2,33.3,4.9,3.8,4.0,0.9,4.9,3.8,0.6219512195121951,3,3.8,8.2
388,2019,Kevin Durant,GSW,0.025,78,34.6,26.0,6.4,5.9,0.7,1.1,0.521,0.353,0.885,11.5,0.204,N,24.2,0.631,0.281,0.366,1.4,17.5,9.8,26.2,1.0,2.6,12.3,29.0,8.6,2.9,5.4,0.1,5.5,5.1,0.6951219512195121,1,5.1,9.7
389,2019,Kawhi Leonard,TOR,0.013,60,34.0,26.6,7.3,3.3,1.8,0.4,0.496,0.371,0.854,9.5,0.224,N,25.8,0.606,0.267,0.377,4.2,18.6,11.6,16.4,2.5,1.0,8.4,30.3,6.1,3.4,6.1,1.1,7.2,4.7,0.7073170731707317,2,2.8,9.3
390,2019,Russell Westbrook,OKC,0.008,73,36.0,22.9,11.1,10.7,1.9,0.5,0.428,0.29,0.656,6.8,0.124,N,21.1,0.501,0.279,0.306,4.1,28.3,15.8,46.5,2.5,1.1,16.3,30.9,1.8,5.0,2.8,2.4,5.2,4.7,0.5975609756097561,6,6.6,
391,2020,Giannis Antetokounmpo,MIL,0.952,63,30.4,29.5,13.6,5.6,1.0,1.0,0.553,0.304,0.633,11.1,0.279,Y,31.9,0.613,0.237,0.508,7.7,34.8,22.1,34.2,1.5,3.0,13.2,37.5,6.1,5.0,7.4,4.1,11.5,6.6,0.7671232876712328,1,2.9,7.9
392,2020,LeBron James,LAL,0.746,67,34.6,25.3,7.8,10.2,1.2,0.5,0.493,0.348,0.693,9.8,0.204,N,25.5,0.577,0.326,0.292,3.2,21.5,12.4,49.1,1.6,1.4,15.1,31.5,6.2,3.6,6.6,1.8,8.4,6.1,0.7323943661971831,1,5.4,11.1
393,2020,James Harden,HOU,0.363,68,36.5,34.3,6.6,7.5,1.8,0.9,0.444,0.355,0.865,13.1,0.254,N,29.1,0.626,0.557,0.528,2.9,16.0,9.4,35.9,2.3,2.1,14.2,36.3,9.9,3.2,8.1,1.6,9.6,7.3,0.6111111111111112,4,1.8,4.9
394,2020,Luka DonÄiÄ‡,DAL,0.198,61,33.6,28.8,9.4,8.8,1.0,0.2,0.463,0.316,0.758,8.8,0.207,N,27.6,0.585,0.431,0.448,4.1,25.0,14.7,45.7,1.5,0.6,14.8,36.8,6.5,2.3,7.4,1.0,8.4,5.4,0.5733333333333334,7,1.8,5.2
395,2020,Kawhi Leonard,LAC,0.166,57,32.4,27.1,7.1,4.9,1.8,0.6,0.47,0.378,0.886,8.7,0.226,N,26.9,0.589,0.287,0.355,3.1,19.1,11.3,26.4,2.6,1.6,10.2,33.0,5.4,3.3,6.5,2.4,8.9,5.1,0.6805555555555556,2,2.5,7.0
396,2020,Anthony Davis,LAL,0.081,62,34.4,26.1,9.3,3.2,1.5,2.3,0.503,0.33,0.846,11.1,0.25,N,27.4,0.61,0.199,0.479,7.4,22.1,14.8,15.1,2.0,6.0,10.4,29.3,6.7,4.4,5.4,2.6,8.0,5.4,0.7323943661971831,1,6.1,9.8
397,2020,Chris Paul,OKC,0.026,70,31.5,17.6,5.0,6.7,1.6,0.2,0.489,0.365,0.907,8.9,0.193,N,21.7,0.61,0.343,0.315,1.3,15.7,8.7,34.0,2.4,0.4,13.8,23.3,5.9,3.0,3.0,1.4,4.4,3.5,0.6111111111111112,4,2.4,6.5
398,2020,Damian Lillard,POR,0.023,66,37.5,30.0,4.3,8.0,1.1,0.3,0.463,0.401,0.888,11.6,0.225,N,26.9,0.627,0.5,0.384,1.4,10.5,6.0,34.4,1.3,0.8,11.0,30.3,10.9,0.7,8.3,-0.9,7.5,5.9,0.47297297297297297,8,2.6,8.5
399,2020,Nikola JokiÄ‡,DEN,0.018,73,32.0,19.9,9.7,7.0,1.2,0.6,0.528,0.314,0.817,9.8,0.202,N,24.9,0.605,0.238,0.281,8.0,26.1,17.1,35.2,1.8,1.7,15.8,26.6,6.7,3.1,5.5,2.0,7.4,5.5,0.6301369863013698,3,1.5,4.4
400,2020,Pascal Siakam,TOR,0.017,60,35.2,22.9,7.3,3.5,1.0,0.9,0.453,0.359,0.792,5.4,0.123,N,17.9,0.554,0.331,0.274,3.3,18.3,11.0,16.4,1.4,2.5,10.7,28.1,1.8,3.6,1.3,0.5,1.8,2.0,0.7361111111111112,2,2.8,
401,2021,Nikola JokiÄ‡,DEN,0.961,72,34.6,26.4,10.8,8.3,1.3,0.7,0.566,0.388,0.868,15.6,0.301,Y,31.3,0.647,0.183,0.305,9.4,26.1,17.8,40.4,1.9,1.9,13.1,29.6,12.2,3.4,9.1,3.0,12.1,8.8,0.6527777777777778,3,2.5,6.9
402,2021,Joel Embiid,PHI,0.58,51,31.1,28.5,10.6,2.8,1.0,1.4,0.513,0.377,0.859,8.8,0.266,N,30.3,0.636,0.171,0.61,8.0,29.1,18.7,16.2,1.5,3.9,12.2,35.3,5.6,3.2,6.3,1.2,7.5,3.8,0.6805555555555556,1,2.9,7.1
403,2021,Stephen Curry,GSW,0.449,63,34.2,32.0,5.5,5.8,1.2,0.1,0.482,0.421,0.916,9.0,0.201,N,26.3,0.655,0.587,0.289,1.5,15.4,8.5,30.5,1.7,0.3,12.2,34.8,6.5,2.5,8.3,0.4,8.7,5.8,0.5416666666666666,8,1.9,4.6
404,2021,Giannis Antetokounmpo,MIL,0.345,61,33.0,28.1,11.0,5.9,1.2,1.2,0.569,0.303,0.685,10.2,0.244,N,29.2,0.633,0.201,0.528,5.3,28.9,17.5,28.7,1.7,3.2,13.2,32.5,6.9,3.3,6.2,2.8,9.0,5.6,0.6388888888888888,3,2.6,6.6
405,2021,Chris Paul,PHO,0.138,70,31.4,16.4,4.5,8.9,1.4,0.3,0.499,0.395,0.934,9.2,0.201,N,21.4,0.599,0.294,0.206,1.3,14.5,8.0,40.9,2.2,0.8,14.0,22.6,6.5,2.7,3.5,1.1,4.6,3.6,0.7083333333333334,2,3.1,8.4
406,2021,Luka DonÄiÄ‡,DAL,0.042,66,34.3,27.7,8.0,8.6,1.0,0.5,0.479,0.35,0.73,7.7,0.163,N,25.3,0.587,0.406,0.349,2.7,22.9,12.8,44.1,1.4,1.5,15.3,36.0,5.1,2.6,6.1,0.7,6.8,5.1,0.5833333333333334,5,1.4,5.1
407,2021,Damian Lillard,POR,0.038,67,35.8,28.8,4.2,7.5,0.9,0.3,0.451,0.391,0.928,10.4,0.209,N,25.6,0.623,0.528,0.363,1.4,11.5,6.3,34.6,1.3,0.6,11.6,31.4,9.6,0.8,7.5,-1.3,6.3,5.0,0.5833333333333334,5,2.4,7.5
408,2021,Julius Randle,NYK,0.02,71,37.6,24.1,10.2,6.0,0.9,0.3,0.456,0.411,0.811,7.8,0.14,N,19.7,0.567,0.294,0.325,3.5,25.7,14.7,27.2,1.2,0.6,13.8,29.3,3.4,4.3,2.9,0.9,3.8,3.9,0.5694444444444444,4,1.3,5.2
409,2021,Rudy Gobert,UTA,0.008,71,30.8,14.3,13.5,1.3,0.6,2.7,0.675,0.0,0.623,11.3,0.248,N,23.5,0.683,0.007,0.646,12.2,33.5,23.3,6.0,0.9,7.0,13.7,17.0,6.1,5.2,2.1,2.8,4.9,3.8,0.7222222222222222,1,2.8,7.0
410,2022,Nikola JokiÄ‡,DEN,0.875,74,33.5,27.1,13.8,7.9,1.5,0.9,0.583,0.337,0.81,15.2,0.296,Y,32.8,0.661,0.22,0.357,9.6,35.5,23.0,42.6,2.2,2.3,15.6,31.9,10.8,4.5,9.2,4.5,13.7,9.8,0.5853658536585366,6,1.1,5.4
411,2022,Joel Embiid,PHI,0.706,68,33.8,30.6,11.7,4.2,1.1,1.5,0.499,0.371,0.814,12.0,0.252,N,31.2,0.616,0.188,0.602,7.2,31.1,19.4,23.5,1.7,3.9,11.3,37.2,7.9,4.1,7.2,2.0,9.2,6.5,0.6219512195121951,2,1.8,7.3
412,2022,Giannis Antetokounmpo,MIL,0.595,67,32.9,29.9,11.6,5.8,1.1,1.4,0.553,0.293,0.722,12.9,0.281,N,32.1,0.633,0.194,0.615,6.6,30.4,18.7,31.7,1.6,4.0,12.2,34.9,9.2,3.7,7.6,3.5,11.2,7.4,0.6219512195121951,2,2.9,6.9
413,2022,Devin Booker,PHO,0.216,68,34.5,26.8,5.0,4.8,1.1,0.4,0.466,0.383,0.868,7.6,0.156,N,21.3,0.576,0.336,0.255,2.1,13.2,7.8,22.4,1.6,1.0,9.3,32.0,4.3,3.3,3.9,0.2,4.1,3.6,0.7804878048780488,1,4.0,9.4
414,2022,Luka DonÄiÄ‡,DAL,0.146,65,35.4,28.4,9.1,8.7,1.2,0.6,0.457,0.353,0.744,7.6,0.159,N,25.1,0.571,0.406,0.349,2.7,26.0,14.3,46.0,1.6,1.4,15.3,37.4,3.8,3.8,6.4,1.8,8.2,5.9,0.6341463414634146,4,1.9,8.2
415,2022,Jayson Tatum,BOS,0.043,76,35.9,26.9,8.0,4.4,1.0,0.6,0.453,0.353,0.853,9.6,0.169,N,21.8,0.578,0.416,0.3,3.5,20.2,12.1,21.1,1.4,1.6,10.9,32.1,5.0,4.6,4.3,0.6,5.0,4.8,0.6219512195121951,2,3.4,9.9
416,2022,Ja Morant,MEM,0.01,57,33.1,27.4,5.7,6.7,1.2,0.4,0.493,0.344,0.761,6.7,0.171,N,24.4,0.575,0.218,0.353,4.2,14.1,9.0,34.1,1.7,1.0,12.6,33.7,4.6,2.1,6.2,-0.1,6.1,3.9,0.6829268292682927,2,2.7,7.2
417,2022,Stephen Curry,GSW,0.004,64,34.5,25.5,5.2,6.3,1.3,0.4,0.437,0.38,0.923,8.0,0.173,N,21.4,0.601,0.613,0.243,1.7,14.4,8.3,30.4,1.9,1.0,13.2,30.8,4.6,3.4,5.4,0.4,5.8,4.4,0.6463414634146342,3,1.8,6.8
418,2022,Chris Paul,PHO,0.002,65,32.9,14.7,4.4,10.8,1.9,0.3,0.493,0.317,0.837,9.4,0.21,N,20.8,0.581,0.27,0.274,1.1,12.8,7.1,44.5,2.7,0.8,15.6,19.7,5.8,3.6,3.1,2.3,5.4,4.0,0.7804878048780488,1,3.6,8.9
419,2022,DeMar DeRozan,CHI,0.001,76,36.1,27.9,5.2,4.9,0.9,0.3,0.504,0.352,0.877,8.8,0.154,N,23.1,0.59,0.093,0.386,2.3,13.7,8.0,23.3,1.2,0.8,9.2,31.8,7.0,1.8,3.4,-0.9,2.5,3.1,0.5609756097560976,6,2.6,5.8
420,2023,Joel Embiid,PHI,0.915,66,34.6,33.1,10.2,4.2,1.0,1.7,0.548,0.33,0.857,12.3,0.259,Y,31.4,0.655,0.151,0.581,5.9,28.3,17.3,22.9,1.4,4.6,11.9,37.0,8.4,3.9,6.8,2.3,9.2,6.4,0.6585365853658537,3,4.0,8.4
421,2023,Nikola JokiÄ‡,DEN,0.674,69,33.7,24.5,11.8,9.8,1.3,0.7,0.632,0.383,0.822,14.9,0.308,N,31.5,0.701,0.146,0.406,8.5,31.3,20.2,46.6,1.8,1.8,17.0,27.2,11.2,3.8,8.5,4.5,13.0,8.8,0.6463414634146342,1,2.1,6.8
422,2023,Giannis Antetokounmpo,MIL,0.606,63,32.1,31.1,11.8,5.7,0.8,0.8,0.553,0.275,0.645,8.6,0.204,N,29.0,0.605,0.134,0.604,7.3,30.0,19.1,33.2,1.2,2.1,13.2,38.8,4.9,3.7,5.8,2.7,8.5,5.4,0.7073170731707317,1,2.8,8.0
423,2023,Jayson Tatum,BOS,0.28,74,36.9,30.1,8.8,4.6,1.1,0.7,0.466,0.35,0.854,10.5,0.185,N,23.7,0.607,0.44,0.399,3.2,22.5,13.0,20.9,1.4,1.6,10.4,32.7,6.2,4.3,4.8,0.7,5.5,5.1,0.6951219512195121,2,2.6,7.4
424,2023,Shai Gilgeous-Alexander,OKC,0.046,68,35.5,31.4,4.8,5.5,1.6,1.0,0.51,0.345,0.905,11.4,0.226,N,27.2,0.626,0.122,0.535,2.6,12.2,7.3,25.7,2.2,2.5,10.1,32.8,8.4,3.0,5.7,1.5,7.3,5.6,0.4878048780487805,10,1.9,5.6
425,2023,Donovan Mitchell,CLE,0.03,68,35.8,28.3,4.3,4.4,1.5,0.4,0.484,0.386,0.867,8.9,0.176,N,22.9,0.614,0.453,0.262,3.1,10.9,7.0,21.4,2.0,1.0,10.3,32.1,5.4,3.5,5.6,0.6,6.3,5.0,0.6219512195121951,4,2.7,9.5
426,2023,Domantas Sabonis,SAC,0.027,79,34.6,19.1,12.3,7.3,0.8,0.5,0.615,0.373,0.742,12.6,0.221,N,23.5,0.668,0.088,0.467,10.6,30.0,20.3,30.4,1.1,1.2,16.9,21.3,9.6,3.0,4.1,1.8,5.8,5.4,0.5853658536585366,3,2.7,7.4
427,2023,Luka DonÄiÄ‡,DAL,0.01,66,36.2,32.4,8.6,8.0,1.4,0.5,0.496,0.342,0.742,10.2,0.204,N,28.7,0.609,0.373,0.479,2.6,25.4,13.8,42.3,1.9,1.2,11.9,37.6,7.3,2.9,7.6,1.4,8.9,6.6,0.4634146341463415,11,1.6,5.1
428,2023,Stephen Curry,GSW,0.005,56,34.7,29.4,6.1,6.3,0.9,0.4,0.493,0.427,0.915,7.8,0.192,N,24.1,0.656,0.564,0.248,2.3,16.8,9.7,30.0,1.3,0.9,12.5,31.0,5.8,2.0,7.5,0.1,7.5,4.7,0.5365853658536586,5,2.0,8.7
429,2023,Jimmy Butler,MIA,0.003,64,33.4,22.9,5.9,5.3,1.8,0.3,0.539,0.35,0.85,12.3,0.277,N,27.6,0.647,0.116,0.625,7.5,13.3,10.3,27.1,2.7,1.0,8.2,25.6,9.4,2.9,6.7,2.0,8.7,5.8,0.5365853658536586,7,2.3,7.4
